2025-09-28 12:27:44,539 [INFO] Activator:177 - 


2025-09-28 12:27:44,541 [INFO] Activator:178 - !SESSION log4j initialized
2025-09-29 08:59:03,318 [INFO] Activator:177 - 


2025-09-29 08:59:03,319 [INFO] Activator:178 - !SESSION log4j initialized
2025-09-29 09:18:08,362 [INFO] McuFinderGlobals:39 - Set McuFinder mode to 2 (CubeIDE integrated)
2025-09-29 09:18:10,837 [INFO] ApplicationProperties:181 - Using Application install path: D:\STM32CubeIDE_1.7.0\STM32CubeIDE\plugins\com.st.stm32cube.common.mx_6.3.0.202107141111
2025-09-29 09:18:10,855 [INFO] DbMcusXml:74 - Set database path to: D:\STM32CubeIDE_1.7.0\STM32CubeIDE\plugins\com.st.stm32cube.common.mx_6.3.0.202107141111\\db\/mcu/
2025-09-29 09:18:10,855 [INFO] DbBoardsPdsc:56 - Set plugin database path to: D:\STM32CubeIDE_1.7.0\STM32CubeIDE\plugins\com.st.stm32cube.common.mx_6.3.0.202107141111\\db\/plugins/boardmanager/
2025-09-29 09:18:10,855 [INFO] DbMcus:258 - Set plugin images path to: D:\STM32CubeIDE_1.7.0\STM32CubeIDE\plugins\com.st.stm32cube.common.mx_6.3.0.202107141111\\db\/plugins/mcufinder/images/
2025-09-29 09:18:10,855 [INFO] DbBoards:264 - Set plugin images path to: D:\STM32CubeIDE_1.7.0\STM32CubeIDE\plugins\com.st.stm32cube.common.mx_6.3.0.202107141111\\db\/plugins/mcufinder/images/
2025-09-29 09:18:10,855 [INFO] DbExamples:333 - Set plugin images path to: D:\STM32CubeIDE_1.7.0\STM32CubeIDE\plugins\com.st.stm32cube.common.mx_6.3.0.202107141111\\db\/plugins/mcufinder/images/
2025-09-29 09:18:10,863 [INFO] DbMcusAds:119 - Set database path to: C:\Users\tri\.stmcufinder\plugins\mcufinder//mcu/
2025-09-29 09:18:10,863 [INFO] DbMcusDocs:110 - Set database path to: C:\Users\tri\.stmcufinder\plugins\mcufinder//mcu/
2025-09-29 09:18:10,863 [INFO] DbMcusJson:64 - Set database path to: C:\Users\tri\.stmcufinder\plugins\mcufinder//mcu/
2025-09-29 09:18:10,863 [INFO] DbBoardsDocs:110 - Set database path to: C:\Users\tri\.stmcufinder\plugins\mcufinder//mcu/
2025-09-29 09:18:10,863 [INFO] DbBoardsJson:57 - Set database path to: C:\Users\tri\.stmcufinder\plugins\mcufinder//mcu/
2025-09-29 09:18:10,967 [INFO] CrossReferenceDbSqlite:196 - Set database path to: C:\Users\tri\.stmcufinder\plugins\mcufinder//mcu/cs/
2025-09-29 09:18:10,972 [INFO] DbExamplesSqlite:767 - Set database path to: C:\Users\tri\.stmcufinder\plugins\mcufinder//mcu/
2025-09-29 09:18:11,036 [INFO] RulesReader:57 - Compatibility file has been processed (242 Rules)
2025-09-29 09:18:11,102 [INFO] DbMcusXml:74 - Set database path to: D:\STM32CubeIDE_1.7.0\STM32CubeIDE\plugins\com.st.stm32cube.common.mx_6.3.0.202107141111\\db\/mcu/
2025-09-29 09:18:11,102 [INFO] DbBoardsPdsc:56 - Set plugin database path to: D:\STM32CubeIDE_1.7.0\STM32CubeIDE\plugins\com.st.stm32cube.common.mx_6.3.0.202107141111\\db\/plugins/boardmanager/
2025-09-29 09:18:11,102 [INFO] DbMcus:258 - Set plugin images path to: D:\STM32CubeIDE_1.7.0\STM32CubeIDE\plugins\com.st.stm32cube.common.mx_6.3.0.202107141111\\db\/plugins/mcufinder/images/
2025-09-29 09:18:11,102 [INFO] DbBoards:264 - Set plugin images path to: D:\STM32CubeIDE_1.7.0\STM32CubeIDE\plugins\com.st.stm32cube.common.mx_6.3.0.202107141111\\db\/plugins/mcufinder/images/
2025-09-29 09:18:11,102 [INFO] DbExamples:333 - Set plugin images path to: D:\STM32CubeIDE_1.7.0\STM32CubeIDE\plugins\com.st.stm32cube.common.mx_6.3.0.202107141111\\db\/plugins/mcufinder/images/
2025-09-29 09:18:11,102 [WARN] DbFile:35 - Overriding database path with different value: C:\Users\tri\.stmcufinder\plugins\mcufinder/ => C:\Users\tri\.stmcufinder\plugins\mcufinder
2025-09-29 09:18:11,102 [INFO] DbMcusAds:119 - Set database path to: C:\Users\tri\.stmcufinder\plugins\mcufinder//mcu/
2025-09-29 09:18:11,102 [WARN] DbFile:35 - Overriding database path with different value: C:\Users\tri\.stmcufinder\plugins\mcufinder/ => C:\Users\tri\.stmcufinder\plugins\mcufinder
2025-09-29 09:18:11,102 [INFO] DbMcusDocs:110 - Set database path to: C:\Users\tri\.stmcufinder\plugins\mcufinder//mcu/
2025-09-29 09:18:11,102 [WARN] DbFile:35 - Overriding database path with different value: C:\Users\tri\.stmcufinder\plugins\mcufinder/ => C:\Users\tri\.stmcufinder\plugins\mcufinder
2025-09-29 09:18:11,102 [INFO] DbMcusJson:64 - Set database path to: C:\Users\tri\.stmcufinder\plugins\mcufinder//mcu/
2025-09-29 09:18:11,102 [WARN] DbFile:35 - Overriding database path with different value: C:\Users\tri\.stmcufinder\plugins\mcufinder/ => C:\Users\tri\.stmcufinder\plugins\mcufinder
2025-09-29 09:18:11,102 [INFO] DbBoardsDocs:110 - Set database path to: C:\Users\tri\.stmcufinder\plugins\mcufinder//mcu/
2025-09-29 09:18:11,102 [WARN] DbFile:35 - Overriding database path with different value: C:\Users\tri\.stmcufinder\plugins\mcufinder/ => C:\Users\tri\.stmcufinder\plugins\mcufinder
2025-09-29 09:18:11,102 [INFO] DbBoardsJson:57 - Set database path to: C:\Users\tri\.stmcufinder\plugins\mcufinder//mcu/
2025-09-29 09:18:11,102 [WARN] DbFile:35 - Overriding database path with different value: C:\Users\tri\.stmcufinder\plugins\mcufinder/ => C:\Users\tri\.stmcufinder\plugins\mcufinder
2025-09-29 09:18:11,102 [WARN] DbFile:35 - Overriding database path with different value: C:\Users\tri\.stmcufinder\plugins\mcufinder/ => C:\Users\tri\.stmcufinder\plugins\mcufinder
2025-09-29 09:18:11,102 [INFO] CrossReferenceDbSqlite:196 - Set database path to: C:\Users\tri\.stmcufinder\plugins\mcufinder//mcu/cs/
2025-09-29 09:18:11,102 [WARN] DbFile:35 - Overriding database path with different value: C:\Users\tri\.stmcufinder\plugins\mcufinder/ => C:\Users\tri\.stmcufinder\plugins\mcufinder
2025-09-29 09:18:11,102 [INFO] DbExamplesSqlite:767 - Set database path to: C:\Users\tri\.stmcufinder\plugins\mcufinder//mcu/
2025-09-29 09:18:11,144 [INFO] MainPanel:214 - HeapMemory: 934281216
2025-09-29 09:18:11,205 [INFO] DbMcusXml:74 - Set database path to: D:\STM32CubeIDE_1.7.0\STM32CubeIDE\plugins\com.st.stm32cube.common.mx_6.3.0.202107141111\\db\/mcu/
2025-09-29 09:18:11,205 [INFO] DbBoardsPdsc:56 - Set plugin database path to: D:\STM32CubeIDE_1.7.0\STM32CubeIDE\plugins\com.st.stm32cube.common.mx_6.3.0.202107141111\\db\/plugins/boardmanager/
2025-09-29 09:18:11,205 [INFO] DbMcus:258 - Set plugin images path to: D:\STM32CubeIDE_1.7.0\STM32CubeIDE\plugins\com.st.stm32cube.common.mx_6.3.0.202107141111\\db\/plugins/mcufinder/images/
2025-09-29 09:18:11,205 [INFO] DbBoards:264 - Set plugin images path to: D:\STM32CubeIDE_1.7.0\STM32CubeIDE\plugins\com.st.stm32cube.common.mx_6.3.0.202107141111\\db\/plugins/mcufinder/images/
2025-09-29 09:18:11,205 [INFO] DbExamples:333 - Set plugin images path to: D:\STM32CubeIDE_1.7.0\STM32CubeIDE\plugins\com.st.stm32cube.common.mx_6.3.0.202107141111\\db\/plugins/mcufinder/images/
2025-09-29 09:18:11,205 [WARN] DbFile:35 - Overriding database path with different value: C:\Users\tri\.stmcufinder\plugins\mcufinder/ => C:\Users\tri\.stmcufinder\plugins\mcufinder
2025-09-29 09:18:11,205 [INFO] DbMcusAds:119 - Set database path to: C:\Users\tri\.stmcufinder\plugins\mcufinder//mcu/
2025-09-29 09:18:11,205 [WARN] DbFile:35 - Overriding database path with different value: C:\Users\tri\.stmcufinder\plugins\mcufinder/ => C:\Users\tri\.stmcufinder\plugins\mcufinder
2025-09-29 09:18:11,205 [INFO] DbMcusDocs:110 - Set database path to: C:\Users\tri\.stmcufinder\plugins\mcufinder//mcu/
2025-09-29 09:18:11,205 [WARN] DbFile:35 - Overriding database path with different value: C:\Users\tri\.stmcufinder\plugins\mcufinder/ => C:\Users\tri\.stmcufinder\plugins\mcufinder
2025-09-29 09:18:11,205 [INFO] DbMcusJson:64 - Set database path to: C:\Users\tri\.stmcufinder\plugins\mcufinder//mcu/
2025-09-29 09:18:11,205 [WARN] DbFile:35 - Overriding database path with different value: C:\Users\tri\.stmcufinder\plugins\mcufinder/ => C:\Users\tri\.stmcufinder\plugins\mcufinder
2025-09-29 09:18:11,205 [INFO] DbBoardsDocs:110 - Set database path to: C:\Users\tri\.stmcufinder\plugins\mcufinder//mcu/
2025-09-29 09:18:11,205 [WARN] DbFile:35 - Overriding database path with different value: C:\Users\tri\.stmcufinder\plugins\mcufinder/ => C:\Users\tri\.stmcufinder\plugins\mcufinder
2025-09-29 09:18:11,205 [INFO] DbBoardsJson:57 - Set database path to: C:\Users\tri\.stmcufinder\plugins\mcufinder//mcu/
2025-09-29 09:18:11,205 [WARN] DbFile:35 - Overriding database path with different value: C:\Users\tri\.stmcufinder\plugins\mcufinder/ => C:\Users\tri\.stmcufinder\plugins\mcufinder
2025-09-29 09:18:11,205 [WARN] DbFile:35 - Overriding database path with different value: C:\Users\tri\.stmcufinder\plugins\mcufinder/ => C:\Users\tri\.stmcufinder\plugins\mcufinder
2025-09-29 09:18:11,205 [INFO] CrossReferenceDbSqlite:196 - Set database path to: C:\Users\tri\.stmcufinder\plugins\mcufinder//mcu/cs/
2025-09-29 09:18:11,205 [WARN] DbFile:35 - Overriding database path with different value: C:\Users\tri\.stmcufinder\plugins\mcufinder/ => C:\Users\tri\.stmcufinder\plugins\mcufinder
2025-09-29 09:18:11,205 [INFO] DbExamplesSqlite:767 - Set database path to: C:\Users\tri\.stmcufinder\plugins\mcufinder//mcu/
2025-09-29 09:18:11,217 [INFO] ApplicationProperties:181 - Using Application install path: D:\STM32CubeIDE_1.7.0\STM32CubeIDE\plugins\com.st.stm32cube.common.mx_6.3.0.202107141111
2025-09-29 09:18:11,217 [INFO] PluginManage:188 - Search for loadable plugins [exclusion list=, ]
2025-09-29 09:18:11,219 [INFO] PluginManage:302 - Check plugin analytics
2025-09-29 09:18:11,387 [INFO] AnalyticsPlugin:257 - Accepted Software Licenses: 
2025-09-29 09:18:11,387 [INFO] AnalyticsPlugin:259 - Accepted CMSIS Pack Licenses: 
2025-09-29 09:18:11,387 [INFO] AnalyticsPlugin:261 - Accepted Firmware Licenses: 
2025-09-29 09:18:11,387 [INFO] PluginManage:352 - Loaded plugin analytics (category:tool,tabindex:-1)
2025-09-29 09:18:11,387 [INFO] PluginManage:302 - Check plugin clock
2025-09-29 09:18:11,408 [INFO] PluginManage:352 - Loaded plugin clock (category:base,tabindex:2)
2025-09-29 09:18:11,408 [INFO] PluginManage:302 - Check plugin ddr
2025-09-29 09:18:11,410 [INFO] PluginManage:352 - Loaded plugin ddr (category:tool,tabindex:6)
2025-09-29 09:18:11,410 [INFO] PluginManage:302 - Check plugin filemanager
2025-09-29 09:18:11,499 [INFO] PluginManage:352 - Loaded plugin filemanager (category:base,tabindex:10)
2025-09-29 09:18:11,499 [INFO] PluginManage:302 - Check plugin ipmanager
2025-09-29 09:18:11,505 [INFO] PluginManage:352 - Loaded plugin ipmanager (category:base,tabindex:5)
2025-09-29 09:18:11,505 [INFO] PluginManage:302 - Check plugin pinoutandconfiguration
2025-09-29 09:18:11,528 [INFO] PluginManage:352 - Loaded plugin pinoutandconfiguration (category:base,tabindex:1)
2025-09-29 09:18:11,528 [INFO] PluginManage:302 - Check plugin pinoutconfig
2025-09-29 09:18:11,555 [INFO] PluginManage:352 - Loaded plugin pinoutconfig (category:base,tabindex:0)
2025-09-29 09:18:11,555 [INFO] PluginManage:302 - Check plugin power
2025-09-29 09:18:11,573 [INFO] PluginManage:352 - Loaded plugin power (category:power,tabindex:4)
2025-09-29 09:18:11,573 [INFO] PluginManage:302 - Check plugin projectmanager
2025-09-29 09:18:11,581 [INFO] PluginManage:352 - Loaded plugin projectmanager (category:projectmanager,tabindex:3)
2025-09-29 09:18:11,581 [INFO] PluginManage:302 - Check plugin thirdparty
2025-09-29 09:18:11,768 [WARN] IntegrityCheckThread:78 - waiting for thirdparty lock release [integrity check]
2025-09-29 09:18:11,768 [INFO] IntegrityCheckThread:80 - entering critical section [integrity check]
2025-09-29 09:18:11,768 [INFO] PluginManage:352 - Loaded plugin thirdparty (category:base,tabindex:-1)
2025-09-29 09:18:11,768 [INFO] ThirdPartyUpdaterWithRetryManager:66 - Updater plugin not ready yet. [1/15]
2025-09-29 09:18:11,768 [INFO] PluginManage:302 - Check plugin tools
2025-09-29 09:18:11,820 [INFO] PluginManage:352 - Loaded plugin tools (category:base,tabindex:7)
2025-09-29 09:18:11,820 [INFO] PluginManage:302 - Check plugin tutovideos
2025-09-29 09:18:11,966 [INFO] PluginManage:352 - Loaded plugin tutovideos (category:base,tabindex:-1)
2025-09-29 09:18:11,966 [INFO] PluginManage:302 - Check plugin updater
2025-09-29 09:18:11,972 [INFO] PluginManage:352 - Loaded plugin updater (category:base,tabindex:12)
2025-09-29 09:18:11,972 [INFO] PluginManage:275 - PluginManage : Loaded plugins [13]
2025-09-29 09:18:12,079 [INFO] PinOutPanel:1463 - setPackage(No Configuration,No Configuration)
2025-09-29 09:18:12,144 [INFO] IPUIPlugin:74 - create IPUIPlugin
2025-09-29 09:18:12,144 [INFO] PluginManager:213 - loadIPPluginJar : add adc
2025-09-29 09:18:12,185 [INFO] IPUIPlugin:74 - create IPUIPlugin
2025-09-29 09:18:12,185 [INFO] PluginManager:213 - loadIPPluginJar : add aes
2025-09-29 09:18:12,227 [INFO] IPUIPlugin:74 - create IPUIPlugin
2025-09-29 09:18:12,227 [INFO] PluginManager:213 - loadIPPluginJar : add can
2025-09-29 09:18:12,258 [INFO] IPUIPlugin:74 - create IPUIPlugin
2025-09-29 09:18:12,258 [INFO] PluginManager:213 - loadIPPluginJar : add comp
2025-09-29 09:18:12,294 [INFO] IPUIPlugin:74 - create IPUIPlugin
2025-09-29 09:18:12,294 [INFO] PluginManager:213 - loadIPPluginJar : add cryp
2025-09-29 09:18:12,335 [INFO] IPUIPlugin:74 - create IPUIPlugin
2025-09-29 09:18:12,335 [INFO] PluginManager:213 - loadIPPluginJar : add dfsdm
2025-09-29 09:18:12,349 [INFO] IPUIPlugin:74 - create IPUIPlugin
2025-09-29 09:18:12,349 [INFO] PluginManager:213 - loadIPPluginJar : add dma
2025-09-29 09:18:12,394 [INFO] IPUIPlugin:74 - create IPUIPlugin
2025-09-29 09:18:12,394 [INFO] PluginManager:213 - loadIPPluginJar : add dma3
2025-09-29 09:18:12,428 [INFO] IPUIPlugin:74 - create IPUIPlugin
2025-09-29 09:18:12,428 [INFO] PluginManager:213 - loadIPPluginJar : add fatfs
2025-09-29 09:18:12,475 [INFO] IPUIPlugin:74 - create IPUIPlugin
2025-09-29 09:18:12,475 [INFO] PluginManager:213 - loadIPPluginJar : add fmc
2025-09-29 09:18:12,484 [INFO] IPUIPlugin:74 - create IPUIPlugin
2025-09-29 09:18:12,489 [INFO] PluginManager:213 - loadIPPluginJar : add freertos
2025-09-29 09:18:12,516 [INFO] IPUIPlugin:74 - create IPUIPlugin
2025-09-29 09:18:12,516 [INFO] PluginManager:213 - loadIPPluginJar : add genericplugin
2025-09-29 09:18:12,596 [INFO] IPUIPlugin:74 - create IPUIPlugin
2025-09-29 09:18:12,602 [INFO] PluginManager:213 - loadIPPluginJar : add gfxmmu
2025-09-29 09:18:12,720 [INFO] IPUIPlugin:74 - create IPUIPlugin
2025-09-29 09:18:12,725 [INFO] PluginManager:213 - loadIPPluginJar : add gic
2025-09-29 09:18:12,736 [INFO] IPUIPlugin:74 - create IPUIPlugin
2025-09-29 09:18:12,736 [INFO] PluginManager:213 - loadIPPluginJar : add gpio
2025-09-29 09:18:12,813 [INFO] IPUIPlugin:74 - create IPUIPlugin
2025-09-29 09:18:12,813 [INFO] PluginManager:213 - loadIPPluginJar : add gtzc
2025-09-29 09:18:12,849 [INFO] IPUIPlugin:74 - create IPUIPlugin
2025-09-29 09:18:12,849 [INFO] PluginManager:213 - loadIPPluginJar : add hash
2025-09-29 09:18:12,915 [INFO] IPUIPlugin:74 - create IPUIPlugin
2025-09-29 09:18:12,915 [INFO] PluginManager:213 - loadIPPluginJar : add i2c
2025-09-29 09:18:12,965 [INFO] IPUIPlugin:74 - create IPUIPlugin
2025-09-29 09:18:12,965 [INFO] PluginManager:213 - loadIPPluginJar : add i2s
2025-09-29 09:18:12,976 [INFO] IPUIPlugin:74 - create IPUIPlugin
2025-09-29 09:18:12,976 [INFO] PluginManager:213 - loadIPPluginJar : add ipddr
2025-09-29 09:18:13,062 [INFO] IPUIPlugin:74 - create IPUIPlugin
2025-09-29 09:18:13,062 [INFO] PluginManager:213 - loadIPPluginJar : add linkedlist
2025-09-29 09:18:13,104 [INFO] IPUIPlugin:74 - create IPUIPlugin
2025-09-29 09:18:13,104 [INFO] PluginManager:213 - loadIPPluginJar : add lorawan
2025-09-29 09:18:13,145 [INFO] IPUIPlugin:74 - create IPUIPlugin
2025-09-29 09:18:13,145 [INFO] PluginManager:213 - loadIPPluginJar : add ltdc
2025-09-29 09:18:13,158 [INFO] IPUIPlugin:74 - create IPUIPlugin
2025-09-29 09:18:13,158 [INFO] PluginManager:213 - loadIPPluginJar : add mdma
2025-09-29 09:18:13,162 [INFO] IPUIPlugin:74 - create IPUIPlugin
2025-09-29 09:18:13,170 [INFO] PluginManager:213 - loadIPPluginJar : add nvic
2025-09-29 09:18:13,216 [INFO] IPUIPlugin:74 - create IPUIPlugin
2025-09-29 09:18:13,216 [INFO] PluginManager:213 - loadIPPluginJar : add opamp
2025-09-29 09:18:13,290 [INFO] IPUIPlugin:74 - create IPUIPlugin
2025-09-29 09:18:13,290 [INFO] PluginManager:213 - loadIPPluginJar : add openamp
2025-09-29 09:18:13,334 [INFO] IPUIPlugin:74 - create IPUIPlugin
2025-09-29 09:18:13,334 [INFO] PluginManager:213 - loadIPPluginJar : add pdm2pcm
2025-09-29 09:18:13,355 [INFO] IPUIPlugin:74 - create IPUIPlugin
2025-09-29 09:18:13,355 [INFO] PluginManager:213 - loadIPPluginJar : add plateformsettings
2025-09-29 09:18:13,388 [INFO] IPUIPlugin:74 - create IPUIPlugin
2025-09-29 09:18:13,388 [INFO] PluginManager:213 - loadIPPluginJar : add quadspi
2025-09-29 09:18:13,400 [INFO] IPUIPlugin:74 - create IPUIPlugin
2025-09-29 09:18:13,410 [INFO] PluginManager:213 - loadIPPluginJar : add resmgrutility
2025-09-29 09:18:13,477 [INFO] IPUIPlugin:74 - create IPUIPlugin
2025-09-29 09:18:13,477 [INFO] PluginManager:213 - loadIPPluginJar : add sai
2025-09-29 09:18:13,541 [INFO] IPUIPlugin:74 - create IPUIPlugin
2025-09-29 09:18:13,541 [INFO] PluginManager:213 - loadIPPluginJar : add spi
2025-09-29 09:18:13,623 [INFO] IPUIPlugin:74 - create IPUIPlugin
2025-09-29 09:18:13,632 [INFO] PluginManager:213 - loadIPPluginJar : add stm32_wpan
2025-09-29 09:18:13,676 [INFO] IPUIPlugin:74 - create IPUIPlugin
2025-09-29 09:18:13,676 [INFO] PluginManager:213 - loadIPPluginJar : add tim
2025-09-29 09:18:13,757 [INFO] IPUIPlugin:74 - create IPUIPlugin
2025-09-29 09:18:13,757 [INFO] PluginManager:213 - loadIPPluginJar : add touchsensing
2025-09-29 09:18:13,796 [INFO] IPUIPlugin:74 - create IPUIPlugin
2025-09-29 09:18:13,796 [INFO] PluginManager:213 - loadIPPluginJar : add tracer_emb
2025-09-29 09:18:13,829 [INFO] IPUIPlugin:74 - create IPUIPlugin
2025-09-29 09:18:13,829 [INFO] PluginManager:213 - loadIPPluginJar : add ts
2025-09-29 09:18:13,861 [INFO] IPUIPlugin:74 - create IPUIPlugin
2025-09-29 09:18:13,861 [INFO] PluginManager:213 - loadIPPluginJar : add tsc
2025-09-29 09:18:13,895 [INFO] IPUIPlugin:74 - create IPUIPlugin
2025-09-29 09:18:13,895 [INFO] PluginManager:213 - loadIPPluginJar : add ucpd
2025-09-29 09:18:13,944 [INFO] IPUIPlugin:74 - create IPUIPlugin
2025-09-29 09:18:13,944 [INFO] PluginManager:213 - loadIPPluginJar : add usart
2025-09-29 09:18:13,980 [INFO] IPUIPlugin:74 - create IPUIPlugin
2025-09-29 09:18:13,980 [INFO] PluginManager:213 - loadIPPluginJar : add usbx
2025-09-29 09:18:14,210 [FATAL] Updater:294 - Updater called before beeing initialized
2025-09-29 09:18:14,270 [FATAL] Updater:294 - Updater called before beeing initialized
2025-09-29 09:18:14,279 [INFO] DbMcusAds:47 - JSON generation date=Tue Jul 08 15:14:23 ICT 2025 (1751962463524)
2025-09-29 09:18:14,279 [FATAL] Updater:294 - Updater called before beeing initialized
2025-09-29 09:18:14,338 [WARN] DetailPanel:314 - Failed to get advertising image, set to default
2025-09-29 09:18:14,388 [FATAL] Updater:294 - Updater called before beeing initialized
2025-09-29 09:18:14,391 [FATAL] Updater:294 - Updater called before beeing initialized
2025-09-29 09:18:14,391 [FATAL] Updater:294 - Updater called before beeing initialized
2025-09-29 09:18:14,391 [WARN] DetailPanel:314 - Failed to get advertising image, set to default
2025-09-29 09:18:14,391 [FATAL] Updater:294 - Updater called before beeing initialized
2025-09-29 09:18:14,427 [ERROR] Updater:1075 - MainUpdater not yet initialized. External WinMGr cannot be set.
2025-09-29 09:18:14,432 [INFO] Updater:1012 - Updater Version found : 6.3.0
2025-09-29 09:18:14,446 [INFO] ApplicationProperties:181 - Using Application install path: D:\STM32CubeIDE_1.7.0\STM32CubeIDE\plugins\com.st.stm32cube.common.mx_6.3.0.202107141111
2025-09-29 09:18:14,769 [INFO] ThirdPartyUpdaterWithRetryManager:66 - Updater plugin not ready yet. [2/15]
2025-09-29 09:18:15,169 [INFO] MainUpdater:2671 - connection check result : 10
2025-09-29 09:18:15,169 [INFO] MainUpdater:3359 - Updater definition file requires update
2025-09-29 09:18:15,170 [INFO] MainUpdater:265 - Updater Check For Update Now.
2025-09-29 09:18:15,170 [INFO] MicroXplorer:478 - Change Database Version : DB.6.0.30
2025-09-29 09:18:16,459 [INFO] ServerAccessManage:362 - Download File updaters.zip
2025-09-29 09:18:16,858 [INFO] FileExtend:235 - Unzip File : updaters.zip
2025-09-29 09:18:16,858 [INFO] FileExtend:250 - Standard Zip Deflate
2025-09-29 09:18:17,774 [WARN] MainUpdater:1122 - Updater busy. Cannot search thirdparties
2025-09-29 09:18:17,774 [INFO] ThirdPartyUpdaterWithRetryManager:92 - Updater plugin is busy. [1/15]
2025-09-29 09:18:18,348 [INFO] ServerAccessManage:362 - Download File PacksControlFlags.xml
2025-09-29 09:18:20,043 [INFO] ServerAccessManage:362 - Download File cubemx.pidx
2025-09-29 09:18:20,783 [WARN] MainUpdater:1122 - Updater busy. Cannot search thirdparties
2025-09-29 09:18:20,784 [INFO] ThirdPartyUpdaterWithRetryManager:92 - Updater plugin is busy. [2/15]
2025-09-29 09:18:22,911 [INFO] ServerAccessManage:362 - Download File STMicroelectronics.X-CUBE-FREERTOS.pdsc
2025-09-29 09:18:23,786 [WARN] MainUpdater:1122 - Updater busy. Cannot search thirdparties
2025-09-29 09:18:23,786 [INFO] ThirdPartyUpdaterWithRetryManager:92 - Updater plugin is busy. [3/15]
2025-09-29 09:18:26,091 [INFO] MainUpdater:2671 - connection check result : 10
2025-09-29 09:18:26,786 [WARN] MainUpdater:1122 - Updater busy. Cannot search thirdparties
2025-09-29 09:18:26,786 [INFO] ThirdPartyUpdaterWithRetryManager:92 - Updater plugin is busy. [4/15]
2025-09-29 09:18:29,796 [WARN] MainUpdater:1122 - Updater busy. Cannot search thirdparties
2025-09-29 09:18:29,796 [INFO] ThirdPartyUpdaterWithRetryManager:92 - Updater plugin is busy. [5/15]
2025-09-29 09:18:32,810 [WARN] MainUpdater:1122 - Updater busy. Cannot search thirdparties
2025-09-29 09:18:32,810 [INFO] ThirdPartyUpdaterWithRetryManager:92 - Updater plugin is busy. [6/15]
2025-09-29 09:18:33,343 [INFO] ServerAccessManage:362 - Download File WES.I-CUBE-Cesium.pdsc
2025-09-29 09:18:35,816 [WARN] MainUpdater:1122 - Updater busy. Cannot search thirdparties
2025-09-29 09:18:35,816 [INFO] ThirdPartyUpdaterWithRetryManager:92 - Updater plugin is busy. [7/15]
2025-09-29 09:18:36,859 [INFO] MainUpdater:2671 - connection check result : 10
2025-09-29 09:18:37,264 [INFO] MicroXplorer:448 - Change Database Path : 
2025-09-29 09:18:37,264 [INFO] MicroXplorer:478 - Change Database Version : DB.6.0.30
2025-09-29 09:18:37,264 [WARN] ThirdParty:813 - waiting for thirdparty lock release [close project]
2025-09-29 09:18:38,356 [ERROR] ServerAccessManage:974 - Problem, file not found on Server
2025-09-29 09:18:38,831 [WARN] MainUpdater:1122 - Updater busy. Cannot search thirdparties
2025-09-29 09:18:38,831 [INFO] ThirdPartyUpdaterWithRetryManager:92 - Updater plugin is busy. [8/15]
2025-09-29 09:18:39,701 [ERROR] ServerAccessManage:974 - Problem, file not found on Server
2025-09-29 09:18:39,838 [WARN] PopulateThirdPartyThread:100 - Error when creating pack: C:/Users/tri/.stm32cubemx/thirdparties/pdsc/STMicroelectronics.X-CUBE-FREERTOS.pdsc
2025-09-29 09:18:39,848 [WARN] PopulateThirdPartyThread:100 - Error when creating pack: C:/Users/tri/.stm32cubemx/thirdparties/pdsc/WES.I-CUBE-Cesium.pdsc
2025-09-29 09:18:39,848 [INFO] PopulateThirdPartyThread:60 - Ending populate Thread
2025-09-29 09:18:39,848 [INFO] LoadServerUpdatesThread:339 - End of LoadServerUpdate Thread
2025-09-29 09:18:40,029 [INFO] CheckServerUpdateThread:112 - End of CheckServer Thread
2025-09-29 09:18:42,021 [ERROR] Engine:463 - C:\Users\tri\.stm32cubemx\thirdparties\pdsc\STMicroelectronics.FP-SNS-MOTENVWB1.1.4.0.pdsc: PDSC version is not supported
2025-09-29 09:18:42,041 [WARN] PackLoader:238 - Cannot read IP mode file for STMicroelectronics.FP-ATR-ASTRA1.2.0.2
2025-09-29 09:18:42,059 [ERROR] Engine:463 - C:\Users\tri\.stm32cubemx\thirdparties\pdsc\STMicroelectronics.X-CUBE-SMBUS.2.1.0.pdsc: PDSC version is not supported
2025-09-29 09:18:42,078 [ERROR] Engine:463 - C:\Users\tri\.stm32cubemx\thirdparties\pdsc\STMicroelectronics.X-CUBE-ST60.1.0.0.pdsc: PDSC version is not supported
2025-09-29 09:18:42,118 [WARN] PackLoader:238 - Cannot read IP mode file for STMicroelectronics.X-CUBE-AZRTOS-F7.1.1.0
2025-09-29 09:18:42,122 [ERROR] Engine:463 - C:\Users\tri\.stm32cubemx\thirdparties\pdsc\WES.I-CUBE-Cesium.1.4.0.pdsc: PDSC version is not supported
2025-09-29 09:18:42,150 [ERROR] Engine:463 - C:\Users\tri\.stm32cubemx\thirdparties\pdsc\Infineon.AIROC-Wi-Fi-Bluetooth-STM32.1.7.1.pdsc: PDSC version is not supported
2025-09-29 09:18:42,206 [WARN] PackLoader:238 - Cannot read IP mode file for STMicroelectronics.X-CUBE-AZRTOS-H7.3.4.0
2025-09-29 09:18:42,233 [ERROR] Engine:463 - C:\Users\tri\.stm32cubemx\thirdparties\pdsc\STMicroelectronics.X-CUBE-DISPLAY.3.0.0.pdsc: PDSC version is not supported
2025-09-29 09:18:42,257 [WARN] PackLoader:238 - Cannot read IP mode file for STMicroelectronics.X-CUBE-NFC10.1.0.0
2025-09-29 09:18:42,276 [ERROR] Engine:463 - C:\Users\tri\.stm32cubemx\thirdparties\pdsc\emotas.I-CUBE-CANOPEN.1.3.0.pdsc: PDSC version is not supported
2025-09-29 09:18:42,299 [ERROR] Engine:463 - C:\Users\tri\.stm32cubemx\thirdparties\pdsc\STMicroelectronics.FP-SNS-STBOX1.2.1.0.pdsc: PDSC version is not supported
2025-09-29 09:18:42,318 [ERROR] Engine:463 - C:\Users\tri\.stm32cubemx\thirdparties\pdsc\STMicroelectronics.FP-SNS-SMARTAG2.1.2.0.pdsc: PDSC version is not supported
2025-09-29 09:18:42,324 [ERROR] Engine:463 - C:\Users\tri\.stm32cubemx\thirdparties\pdsc\STMicroelectronics.FP-SNS-FLIGHT1.5.1.0.pdsc: PDSC version is not supported
2025-09-29 09:18:42,354 [INFO] LogOutputStream:76 - [STDOUT_REDIRECT] 1 : Invalid condition id : UX_CORESTACK_Condition cause : null
2025-09-29 09:18:42,354 [INFO] LogOutputStream:76 - [STDOUT_REDIRECT] 1 : Invalid condition id : UX_CORESTACK_Condition cause : null
2025-09-29 09:18:42,354 [INFO] LogOutputStream:76 - [STDOUT_REDIRECT] 1 : Invalid condition id : UX_CORESTACK_Condition cause : null
2025-09-29 09:18:42,354 [INFO] LogOutputStream:76 - [STDOUT_REDIRECT] 1 : Invalid condition id : UX_CORESTACK_Condition cause : null
2025-09-29 09:18:42,356 [INFO] LogOutputStream:76 - [STDOUT_REDIRECT] 1 : Invalid condition id : UX_CORESTACK_Condition cause : null
2025-09-29 09:18:42,356 [WARN] PackLoader:238 - Cannot read IP mode file for STMicroelectronics.X-CUBE-AZRTOS-WL.2.0.0
2025-09-29 09:18:42,365 [ERROR] Engine:463 - C:\Users\tri\.stm32cubemx\thirdparties\pdsc\STMicroelectronics.FP-SNS-MOTENV1.5.0.0.pdsc: PDSC version is not supported
2025-09-29 09:18:42,393 [WARN] PackLoader:238 - Cannot read IP mode file for STMicroelectronics.X-CUBE-BLE2.3.3.0
2025-09-29 09:18:42,409 [WARN] PackLoader:238 - Cannot read IP mode file for STMicroelectronics.X-CUBE-NFC9.1.0.0
2025-09-29 09:18:42,429 [WARN] PackLoader:238 - Cannot read IP mode file for wolfSSL.I-CUBE-wolfSSL.5.8.2
2025-09-29 09:18:42,454 [WARN] PackLoader:238 - Cannot read IP mode file for STMicroelectronics.X-CUBE-BLE1.7.1.0
2025-09-29 09:18:42,458 [WARN] PackLoader:238 - Cannot read IP mode file for wolfSSL.I-CUBE-wolfMQTT.1.19.2
2025-09-29 09:18:42,485 [WARN] PackLoader:238 - Cannot read IP mode file for STMicroelectronics.X-CUBE-EEPRMA1.5.2.0
2025-09-29 09:18:42,527 [WARN] PackLoader:238 - Cannot read IP mode file for STMicroelectronics.X-CUBE-AZRTOS-G0.1.1.0
2025-09-29 09:18:42,547 [WARN] PackLoader:238 - Cannot read IP mode file for STMicroelectronics.X-CUBE-SAFEA1.1.2.2
2025-09-29 09:18:42,576 [WARN] PackLoader:238 - Cannot read IP mode file for STMicroelectronics.X-CUBE-NFC4.3.0.0
2025-09-29 09:18:42,594 [ERROR] Engine:463 - C:\Users\tri\.stm32cubemx\thirdparties\pdsc\EmbeddedOffice.I-CUBE-FS-RTOS.1.0.1.pdsc: PDSC version is not supported
2025-09-29 09:18:42,622 [WARN] PackLoader:238 - Cannot read IP mode file for STMicroelectronics.X-CUBE-WB05N.2.0.0
2025-09-29 09:18:42,630 [WARN] PackLoader:238 - Cannot read IP mode file for wolfSSL.I-CUBE-wolfTPM.3.8.0
2025-09-29 09:18:42,643 [ERROR] Engine:463 - C:\Users\tri\.stm32cubemx\thirdparties\pdsc\STMicroelectronics.X-CUBE-TCPP.4.2.0.pdsc: PDSC version is not supported
2025-09-29 09:18:42,659 [ERROR] Engine:463 - C:\Users\tri\.stm32cubemx\thirdparties\pdsc\RealThread.X-CUBE-RT-Thread_Nano.4.1.1.pdsc: PDSC version is not supported
2025-09-29 09:18:42,670 [WARN] PackLoader:238 - Cannot read IP mode file for STMicroelectronics.FP-ATR-SIGFOX1.3.2.0
2025-09-29 09:18:42,684 [ERROR] Engine:463 - C:\Users\tri\.stm32cubemx\thirdparties\pdsc\ITTIA_DB.I-CUBE-ITTIADB.8.9.0.pdsc: PDSC version is not supported
2025-09-29 09:18:42,710 [ERROR] Engine:463 - C:\Users\tri\.stm32cubemx\thirdparties\pdsc\STMicroelectronics.X-CUBE-ST67W61.1.0.0.pdsc: PDSC version is not supported
2025-09-29 09:18:42,724 [WARN] PackLoader:238 - Cannot read IP mode file for STMicroelectronics.X-CUBE-AI.10.2.0
2025-09-29 09:18:42,759 [WARN] PackLoader:238 - Cannot read IP mode file for SEGGER.I-CUBE-embOS.1.3.1
2025-09-29 09:18:42,832 [WARN] PackLoader:238 - Cannot read IP mode file for STMicroelectronics.X-CUBE-ALGOBUILD.1.4.0
2025-09-29 09:18:42,923 [WARN] PackLoader:238 - Cannot read IP mode file for STMicroelectronics.X-CUBE-MEMS1.11.3.0
2025-09-29 09:18:43,190 [WARN] PackLoader:238 - Cannot read IP mode file for STMicroelectronics.X-CUBE-PM33A1.1.0.0
2025-09-29 09:18:43,219 [WARN] PackLoader:238 - Cannot read IP mode file for STMicroelectronics.X-CUBE-AZRTOS-F4.1.1.0
2025-09-29 09:18:43,240 [ERROR] Engine:463 - C:\Users\tri\.stm32cubemx\thirdparties\pdsc\Avnet-IotConnect.X-CUBE-IoTC-DA16k-PMOD.1.0.0.pdsc: PDSC version is not supported
2025-09-29 09:18:43,256 [WARN] PackLoader:238 - Cannot read IP mode file for STMicroelectronics.X-CUBE-ISPU.2.1.0
2025-09-29 09:18:43,280 [WARN] PackLoader:238 - Cannot read IP mode file for STMicroelectronics.X-CUBE-NFC12.1.0.0
2025-09-29 09:18:43,317 [WARN] PackLoader:238 - Cannot read IP mode file for STMicroelectronics.X-CUBE-AZRTOS-L5.2.0.0
2025-09-29 09:18:43,347 [WARN] PackLoader:238 - Cannot read IP mode file for STMicroelectronics.X-CUBE-NFC6.3.1.0
2025-09-29 09:18:43,347 [ERROR] Engine:463 - C:\Users\tri\.stm32cubemx\thirdparties\pdsc\STMicroelectronics.X-CUBE-FREERTOS.1.3.1.pdsc: PDSC version is not supported
2025-09-29 09:18:43,372 [ERROR] Engine:463 - C:\Users\tri\.stm32cubemx\thirdparties\pdsc\STMicroelectronics.FP-SNS-STAIOTCFT.1.0.0.pdsc: PDSC version is not supported
2025-09-29 09:18:43,397 [ERROR] Engine:463 - C:\Users\tri\.stm32cubemx\thirdparties\pdsc\STMicroelectronics.X-CUBE-DPower.1.3.0.pdsc: PDSC version is not supported
2025-09-29 09:18:43,447 [WARN] ConditionMgr:437 - getConditionDescription Invalid condition id : LAN8742 Phy interface Condition cause : null
2025-09-29 09:18:43,447 [WARN] PackLoader:238 - Cannot read IP mode file for STMicroelectronics.X-CUBE-AZRTOS-L4.2.0.0
2025-09-29 09:18:43,447 [WARN] ConditionMgr:1038 - genDependencies : Invalid condition id : LAN8742 Phy interface Condition cause : null
2025-09-29 09:18:43,447 [WARN] ConditionMgr:1038 - genDependencies : Invalid condition id : LAN8742 Phy interface Condition cause : null
2025-09-29 09:18:43,447 [WARN] ConditionMgr:1038 - genDependencies : Invalid condition id : LAN8742 Phy interface Condition cause : null
2025-09-29 09:18:43,474 [WARN] PackLoader:238 - Cannot read IP mode file for STMicroelectronics.X-CUBE-SFXS2LP1.4.0.0
2025-09-29 09:18:43,497 [ERROR] Engine:463 - C:\Users\tri\.stm32cubemx\thirdparties\pdsc\STMicroelectronics.X-CUBE-BLEMGR.4.1.0.pdsc: PDSC version is not supported
2025-09-29 09:18:43,536 [WARN] ConditionMgr:437 - getConditionDescription Invalid condition id : UX DEVICE CLASS RTOS Condition cause : null
2025-09-29 09:18:43,536 [WARN] ConditionMgr:437 - getConditionDescription Invalid condition id : UX DEVICE CLASS RTOS Condition cause : null
2025-09-29 09:18:43,538 [WARN] PackLoader:238 - Cannot read IP mode file for STMicroelectronics.X-CUBE-AZRTOS-WB.2.0.0
2025-09-29 09:18:43,538 [WARN] ConditionMgr:1038 - genDependencies : Invalid condition id : UX DEVICE CLASS RTOS Condition cause : null
2025-09-29 09:18:43,538 [WARN] ConditionMgr:1038 - genDependencies : Invalid condition id : UX DEVICE CLASS RTOS Condition cause : null
2025-09-29 09:18:43,538 [WARN] ConditionMgr:1038 - genDependencies : Invalid condition id : UX DEVICE CLASS RTOS Condition cause : null
2025-09-29 09:18:43,538 [WARN] ConditionMgr:1038 - genDependencies : Invalid condition id : UX DEVICE CLASS RTOS Condition cause : null
2025-09-29 09:18:43,538 [WARN] ConditionMgr:1038 - genDependencies : Invalid condition id : UX DEVICE CLASS RTOS Condition cause : null
2025-09-29 09:18:43,563 [WARN] PackLoader:238 - Cannot read IP mode file for STMicroelectronics.X-CUBE-GNSS1.7.0.1
2025-09-29 09:18:43,588 [WARN] PackLoader:238 - Cannot read IP mode file for STMicroelectronics.X-CUBE-TOUCHGFX.4.25.0
2025-09-29 09:18:43,597 [ERROR] Engine:463 - C:\Users\tri\.stm32cubemx\thirdparties\pdsc\quantropi.X-CUBE-qispace-sdk-base.2.1.0.pdsc: PDSC version is not supported
2025-09-29 09:18:43,634 [WARN] PackLoader:238 - Cannot read IP mode file for STMicroelectronics.X-CUBE-SUBG2.5.0.0
2025-09-29 09:18:43,687 [WARN] PackLoader:238 - Cannot read IP mode file for STMicroelectronics.X-CUBE-AZRTOS-H7RS.1.1.0
2025-09-29 09:18:43,695 [ERROR] Engine:463 - C:\Users\tri\.stm32cubemx\thirdparties\pdsc\Cesanta.I-CUBE-Mongoose.7.13.0.pdsc: PDSC version is not supported
2025-09-29 09:18:43,736 [WARN] PackLoader:238 - Cannot read IP mode file for STMicroelectronics.X-CUBE-AZRTOS-G4.2.0.0
2025-09-29 09:18:43,740 [WARN] PackLoader:238 - Cannot read IP mode file for wolfSSL.I-CUBE-wolfSSH.1.4.20
2025-09-29 09:18:43,761 [WARN] PackLoader:238 - Cannot read IP mode file for STMicroelectronics.X-CUBE-NFC7.2.0.0
2025-09-29 09:18:43,792 [ERROR] Engine:463 - C:\Users\tri\.stm32cubemx\thirdparties\pdsc\STMicroelectronics.X-CUBE-IPS.3.1.0.pdsc: PDSC version is not supported
2025-09-29 09:18:43,811 [ERROR] Engine:463 - C:\Users\tri\.stm32cubemx\thirdparties\pdsc\STMicroelectronics.X-CUBE-ALS.1.0.2.pdsc: PDSC version is not supported
2025-09-29 09:18:43,841 [WARN] PackLoader:238 - Cannot read IP mode file for STMicroelectronics.X-CUBE-STSE01.1.0.0
2025-09-29 09:18:43,870 [ERROR] Engine:463 - C:\Users\tri\.stm32cubemx\thirdparties\pdsc\STMicroelectronics.X-CUBE-TOF1.3.4.3.pdsc: PDSC version is not supported
2025-09-29 09:18:43,870 [INFO] ThirdParty:915 - Integrity check success = true
2025-09-29 09:18:43,870 [INFO] IntegrityCheckThread:94 - exiting critical section [integrity check]
2025-09-29 09:18:43,870 [INFO] IntegrityCheckThread:97 - End integrity checks thread
2025-09-29 09:18:43,870 [INFO] ThirdParty:815 - entering critical section [close project]
2025-09-29 09:18:43,870 [INFO] ThirdParty:825 - exiting critical section [close project]
2025-09-29 09:18:43,881 [INFO] PinOutPanel:1463 - setPackage(No Configuration,No Configuration)
2025-09-29 09:18:43,881 [INFO] UtilMem:74 - Begin LoadConfig() Used Memory: 892500696 Bytes (1073741824)
2025-09-29 09:18:43,881 [INFO] MicroXplorer:448 - Change Database Path : 
2025-09-29 09:18:43,881 [INFO] MicroXplorer:478 - Change Database Version : DB.6.0.30
2025-09-29 09:18:43,881 [INFO] OpenFileManager:313 - Change cursor
2025-09-29 09:18:44,733 [INFO] Context:592 - Trying to add GPIOservice into a context  which must be forbidden
2025-09-29 09:18:44,936 [WARN] ApiManager:304 - Cannot register API 'Board Extension:PM33A1' from pack STMicroelectronics.X-CUBE-PM33A1.1.0.0: no header file found
2025-09-29 09:18:44,936 [WARN] ApiManager:304 - Cannot register API 'Board Extension:NFC09A1' from pack STMicroelectronics.X-CUBE-NFC9.1.0.0: no header file found
2025-09-29 09:18:44,936 [WARN] ApiManager:304 - Cannot register API 'Wireless:BlueNRG-MS' from pack STMicroelectronics.X-CUBE-BLE1.7.1.0: no header file found
2025-09-29 09:18:44,936 [WARN] ApiManager:304 - Cannot register API 'Board Extension:EEPRMA2' from pack STMicroelectronics.X-CUBE-EEPRMA1.5.2.0: no header file found
2025-09-29 09:18:44,936 [WARN] ApiManager:304 - Cannot register API 'Board Extension:PGEEZ1' from pack STMicroelectronics.X-CUBE-EEPRMA1.5.2.0: no header file found
2025-09-29 09:18:44,936 [WARN] ApiManager:304 - Cannot register API 'Board Extension:EEICA1' from pack STMicroelectronics.X-CUBE-EEPRMA1.5.2.0: no header file found
2025-09-29 09:18:44,936 [WARN] ApiManager:304 - Cannot register API 'Board Part:M24' from pack STMicroelectronics.X-CUBE-EEPRMA1.5.2.0: no header file found
2025-09-29 09:18:44,936 [WARN] ApiManager:304 - Cannot register API 'Board Part:M95' from pack STMicroelectronics.X-CUBE-EEPRMA1.5.2.0: no header file found
2025-09-29 09:18:44,936 [WARN] ApiManager:304 - Cannot register API 'Board Part:M95P32' from pack STMicroelectronics.X-CUBE-EEPRMA1.5.2.0: no header file found
2025-09-29 09:18:44,936 [WARN] ApiManager:304 - Cannot register API 'Board Part:M24256E-F' from pack STMicroelectronics.X-CUBE-EEPRMA1.5.2.0: no header file found
2025-09-29 09:18:44,936 [WARN] ApiManager:304 - Cannot register API 'Board Part:M24M01E-F' from pack STMicroelectronics.X-CUBE-EEPRMA1.5.2.0: no header file found
2025-09-29 09:18:44,936 [WARN] ApiManager:304 - Cannot register API 'PGEEZ1:SPI' from pack STMicroelectronics.X-CUBE-EEPRMA1.5.2.0: no header file found
2025-09-29 09:18:44,936 [WARN] ApiManager:304 - Cannot register API 'PGEEZ1:QDSPI' from pack STMicroelectronics.X-CUBE-EEPRMA1.5.2.0: no header file found
2025-09-29 09:18:44,944 [WARN] ApiManager:304 - Cannot register API 'Board Extension:GNSS1A1' from pack STMicroelectronics.X-CUBE-GNSS1.7.0.1: no header file found
2025-09-29 09:18:44,944 [WARN] ApiManager:304 - Cannot register API 'Board Support:Custom' from pack STMicroelectronics.X-CUBE-GNSS1.7.0.1: no header file found
2025-09-29 09:18:44,944 [WARN] ApiManager:304 - Cannot register API 'Data Exchange:lib_gnss' from pack STMicroelectronics.X-CUBE-GNSS1.7.0.1: no header file found
2025-09-29 09:18:44,944 [WARN] ApiManager:304 - Cannot register API 'Board Extension:NFC12A1' from pack STMicroelectronics.X-CUBE-NFC12.1.0.0: no header file found
2025-09-29 09:18:44,952 [WARN] ApiManager:304 - Cannot register API 'Board Extension:NFC06A1' from pack STMicroelectronics.X-CUBE-NFC6.3.1.0: no header file found
2025-09-29 09:18:44,952 [WARN] ApiManager:304 - Cannot register API 'Board Extension:NFC08A1' from pack STMicroelectronics.X-CUBE-NFC6.3.1.0: no header file found
2025-09-29 09:18:44,952 [INFO] RtosManager:484 - Registered RTOS mode: class=CMSIS, group=RTOS, mode=CMSIS_V1, owner=FREERTOS
2025-09-29 09:18:44,952 [INFO] RtosManager:484 - Registered RTOS mode: class=CMSIS, group=RTOS2, mode=CMSIS_V2, owner=FREERTOS
2025-09-29 09:18:44,952 [INFO] RtosManager:484 - Registered RTOS mode: class=RTOS, group=Core, mode=CMSIS_V1, owner=FREERTOS
2025-09-29 09:18:44,952 [INFO] RtosManager:484 - Registered RTOS mode: class=RTOS, group=Core, mode=CMSIS_V2, owner=FREERTOS
2025-09-29 09:18:44,952 [WARN] ModelIntegratedComponent:181 - Missing modes for component STMicroelectronics:FreeRTOS:0.0.1:STMicroelectronics:RTOS:FreeRTOS:Core:::10.2.0:
2025-09-29 09:18:44,952 [WARN] ApiManager:304 - Cannot register API 'Board Extension:STSAFEA1' from pack STMicroelectronics.X-CUBE-SAFEA1.1.2.2: no header file found
2025-09-29 09:18:44,952 [WARN] ApiManager:304 - Cannot register API 'Board Part:STSAFEA110' from pack STMicroelectronics.X-CUBE-SAFEA1.1.2.2: no header file found
2025-09-29 09:18:44,952 [WARN] ApiManager:304 - Cannot register API 'Security:ST_Cryptolib' from pack STMicroelectronics.X-CUBE-SAFEA1.1.2.2: no header file found
2025-09-29 09:18:44,952 [WARN] ApiManager:304 - Cannot register API 'Security:MbedTLS' from pack STMicroelectronics.X-CUBE-SAFEA1.1.2.2: no header file found
2025-09-29 09:18:44,952 [WARN] ApiManager:304 - Cannot register API 'Board Extension:NFC04A1' from pack STMicroelectronics.X-CUBE-NFC4.3.0.0: no header file found
2025-09-29 09:18:44,952 [WARN] ApiManager:304 - Cannot register API 'Board Extension:S2868A1' from pack STMicroelectronics.X-CUBE-SUBG2.5.0.0: no header file found
2025-09-29 09:18:44,952 [WARN] ApiManager:304 - Cannot register API 'Board Extension:S2868A2' from pack STMicroelectronics.X-CUBE-SUBG2.5.0.0: no header file found
2025-09-29 09:18:44,952 [WARN] ApiManager:304 - Cannot register API 'Board Extension:S2915A1' from pack STMicroelectronics.X-CUBE-SUBG2.5.0.0: no header file found
2025-09-29 09:18:44,960 [WARN] ApiManager:304 - Cannot register API 'Wireless:STM32WB05N' from pack STMicroelectronics.X-CUBE-WB05N.2.0.0: no header file found
2025-09-29 09:18:44,960 [WARN] ApiManager:304 - Cannot register API 'Board Extension:NFC07A1' from pack STMicroelectronics.X-CUBE-NFC7.2.0.0: no header file found
2025-09-29 09:18:44,960 [WARN] ApiManager:304 - Cannot register API 'Board Extension:NFC10A1' from pack STMicroelectronics.X-CUBE-NFC10.1.0.0: no header file found
2025-09-29 09:18:44,960 [WARN] ModelIntegratedComponent:60 - No mode defined for component null
2025-09-29 09:18:44,960 [WARN] ModelIntegratedComponent:60 - No mode defined for component null
2025-09-29 09:18:44,960 [WARN] ModelIntegratedComponent:60 - No mode defined for component null
2025-09-29 09:18:44,960 [WARN] ModelIntegratedComponent:60 - No mode defined for component null
2025-09-29 09:18:44,960 [WARN] ModelIntegratedComponent:60 - No mode defined for component null
2025-09-29 09:18:44,960 [WARN] ModelIntegratedComponent:60 - No mode defined for component null
2025-09-29 09:18:44,960 [WARN] ModelIntegratedComponent:60 - No mode defined for component null
2025-09-29 09:18:44,960 [WARN] ModelIntegratedComponent:60 - No mode defined for component null
2025-09-29 09:18:44,960 [WARN] ModelIntegratedComponent:60 - No mode defined for component null
2025-09-29 09:18:44,960 [WARN] ModelIntegratedComponent:60 - No mode defined for component null
2025-09-29 09:18:44,960 [WARN] ModelIntegratedComponent:60 - No mode defined for component null
2025-09-29 09:18:44,960 [WARN] ModelIntegratedComponent:60 - No mode defined for component null
2025-09-29 09:18:44,960 [WARN] ModelIntegratedComponent:60 - No mode defined for component null
2025-09-29 09:18:44,960 [WARN] ModelIntegratedComponent:60 - No mode defined for component null
2025-09-29 09:18:44,960 [WARN] ModelIntegratedComponent:60 - No mode defined for component null
2025-09-29 09:18:44,960 [WARN] ModelIntegratedComponent:60 - No mode defined for component null
2025-09-29 09:18:44,960 [WARN] ModelIntegratedComponent:60 - No mode defined for component null
2025-09-29 09:18:44,960 [WARN] ModelIntegratedComponent:60 - No mode defined for component null
2025-09-29 09:18:44,960 [WARN] ModelIntegratedComponent:60 - No mode defined for component null
2025-09-29 09:18:44,960 [WARN] ModelIntegratedComponent:60 - No mode defined for component null
2025-09-29 09:18:44,960 [WARN] ModelIntegratedComponent:60 - No mode defined for component null
2025-09-29 09:18:44,960 [WARN] ModelIntegratedComponent:60 - No mode defined for component null
2025-09-29 09:18:44,960 [WARN] ModelIntegratedComponent:60 - No mode defined for component null
2025-09-29 09:18:44,960 [WARN] ModelIntegratedComponent:60 - No mode defined for component null
2025-09-29 09:18:44,960 [WARN] ModelIntegratedComponent:60 - No mode defined for component null
2025-09-29 09:18:44,960 [WARN] ModelIntegratedComponent:60 - No mode defined for component null
2025-09-29 09:18:44,960 [WARN] ModelIntegratedComponent:60 - No mode defined for component null
2025-09-29 09:18:44,960 [WARN] ModelIntegratedComponent:60 - No mode defined for component null
2025-09-29 09:18:44,960 [WARN] ModelIntegratedComponent:60 - No mode defined for component null
2025-09-29 09:18:44,960 [WARN] ModelIntegratedComponent:60 - No mode defined for component null
2025-09-29 09:18:44,960 [WARN] ModelIntegratedComponent:60 - No mode defined for component null
2025-09-29 09:18:44,960 [WARN] ApiManager:304 - Cannot register API 'Board Extension:SAFEA1' from pack STMicroelectronics.X-CUBE-STSE01.1.0.0: no header file found
2025-09-29 09:18:44,960 [WARN] ApiManager:304 - Cannot register API 'Board Extension:ESE01A1' from pack STMicroelectronics.X-CUBE-STSE01.1.0.0: no header file found
2025-09-29 09:18:44,960 [WARN] ApiManager:304 - Cannot register API 'Board Part:STSAFEA110' from pack STMicroelectronics.X-CUBE-STSE01.1.0.0: no header file found
2025-09-29 09:18:44,960 [WARN] ApiManager:304 - Cannot register API 'Board Part:STSAFEA120' from pack STMicroelectronics.X-CUBE-STSE01.1.0.0: no header file found
2025-09-29 09:18:44,960 [WARN] ApiManager:304 - Cannot register API 'Security:STM32_Cryptographic' from pack STMicroelectronics.X-CUBE-STSE01.1.0.0: no header file found
2025-09-29 09:18:44,960 [WARN] ApiManager:304 - Cannot register API 'Security:STSELib' from pack STMicroelectronics.X-CUBE-STSE01.1.0.0: no header file found
2025-09-29 09:18:45,172 [WARN] ApiManager:304 - Cannot register API 'Board Extension:IKS01A3' from pack STMicroelectronics.X-CUBE-MEMS1.11.3.0: no header file found
2025-09-29 09:18:45,172 [WARN] ApiManager:304 - Cannot register API 'Board Extension:IKS02A1' from pack STMicroelectronics.X-CUBE-MEMS1.11.3.0: no header file found
2025-09-29 09:18:45,172 [WARN] ApiManager:304 - Cannot register API 'Board Extension:IKS4A1' from pack STMicroelectronics.X-CUBE-MEMS1.11.3.0: no header file found
2025-09-29 09:18:45,180 [WARN] ApiManager:304 - Cannot register API 'Board Extension:S2868A1' from pack STMicroelectronics.X-CUBE-SFXS2LP1.4.0.0: no header file found
2025-09-29 09:18:45,180 [WARN] ApiManager:304 - Cannot register API 'Board Extension:S2868A2' from pack STMicroelectronics.X-CUBE-SFXS2LP1.4.0.0: no header file found
2025-09-29 09:18:45,180 [WARN] ApiManager:304 - Cannot register API 'Board Extension:S2915A1' from pack STMicroelectronics.X-CUBE-SFXS2LP1.4.0.0: no header file found
2025-09-29 09:18:45,180 [WARN] ApiManager:304 - Cannot register API 'Wireless:BlueNRG-2' from pack STMicroelectronics.X-CUBE-BLE2.3.3.0: no header file found
2025-09-29 09:18:47,011 [INFO] UtilMem:74 - End LoadConfig() Used Memory: 847907664 Bytes (1073741824)
2025-09-29 09:18:47,017 [INFO] DbMcusXml:100 - Load MCU database from D:\STM32CubeIDE_1.7.0\STM32CubeIDE\plugins\com.st.stm32cube.common.mx_6.3.0.202107141111\\db\/mcu/families.xml
2025-09-29 09:18:47,817 [INFO] DbMcusJson:93 - JSON generation date=Tue Nov 16 23:17:54 ICT 2021 (1637079474)
2025-09-29 09:18:48,328 [INFO] DbMcus:175 - Found 1951 MCUs (1903 are supported by CubeMX, 1914 are visible in CubeMX)
2025-09-29 09:18:48,336 [INFO] ApiDb:251 - Load user favorites file C:\Users\tri/.stm32cubeide/favorites.mcus.txt: 0 item(s)
2025-09-29 09:18:48,336 [INFO] ApiDb:255 - User favorites MCUs=[]
2025-09-29 09:18:48,336 [INFO] DbMcus:187 - Set 0 / 0 favorites MCUs
2025-09-29 09:18:48,344 [WARN] ThirdParty:779 - waiting for thirdparty lock release [change project]
2025-09-29 09:18:48,344 [INFO] ThirdParty:781 - entering critical section [change project]
2025-09-29 09:18:48,344 [INFO] ThirdParty:967 - CMSIS Pack Vendor :STMicroelectronics X-CUBE-PM33A1 1.0.0
2025-09-29 09:18:48,344 [INFO] ThirdParty:967 - CMSIS Pack Vendor :STMicroelectronics X-CUBE-NFC9 1.0.0
2025-09-29 09:18:48,344 [INFO] ThirdParty:967 - CMSIS Pack Vendor :STMicroelectronics USB_HOST 2.0.0
2025-09-29 09:18:48,344 [INFO] ThirdParty:967 - CMSIS Pack Vendor :STMicroelectronics X-CUBE-AZRTOS-F4 1.1.0
2025-09-29 09:18:48,344 [INFO] ThirdParty:967 - CMSIS Pack Vendor :STMicroelectronics FP-ATR-ASTRA1 2.0.2
2025-09-29 09:18:48,344 [INFO] ThirdParty:967 - CMSIS Pack Vendor :wolfSSL I-CUBE-wolfSSL 5.8.2
2025-09-29 09:18:48,344 [INFO] ThirdParty:967 - CMSIS Pack Vendor :STMicroelectronics X-CUBE-BLE1 7.1.0
2025-09-29 09:18:48,344 [INFO] ThirdParty:967 - CMSIS Pack Vendor :wolfSSL I-CUBE-wolfMQTT 1.19.2
2025-09-29 09:18:48,344 [INFO] ThirdParty:967 - CMSIS Pack Vendor :STMicroelectronics USB_DEVICE 3.0.0
2025-09-29 09:18:48,344 [INFO] ThirdParty:967 - CMSIS Pack Vendor :STMicroelectronics X-CUBE-ISPU 2.1.0
2025-09-29 09:18:48,344 [INFO] ThirdParty:967 - CMSIS Pack Vendor :STMicroelectronics X-CUBE-EEPRMA1 5.2.0
2025-09-29 09:18:48,344 [INFO] ThirdParty:967 - CMSIS Pack Vendor :STMicroelectronics X-CUBE-AZRTOS-WB 2.0.0
2025-09-29 09:18:48,344 [INFO] ThirdParty:967 - CMSIS Pack Vendor :STMicroelectronics X-CUBE-GNSS1 7.0.1
2025-09-29 09:18:48,344 [INFO] ThirdParty:967 - CMSIS Pack Vendor :STMicroelectronics X-CUBE-NFC12 1.0.0
2025-09-29 09:18:48,344 [INFO] ThirdParty:967 - CMSIS Pack Vendor :STMicroelectronics X-CUBE-AZRTOS-F7 1.1.0
2025-09-29 09:18:48,344 [INFO] ThirdParty:967 - CMSIS Pack Vendor :STMicroelectronics X-CUBE-AZRTOS-L5 2.0.0
2025-09-29 09:18:48,344 [INFO] ThirdParty:967 - CMSIS Pack Vendor :STMicroelectronics X-CUBE-TOUCHGFX 4.25.0
2025-09-29 09:18:48,344 [INFO] ThirdParty:967 - CMSIS Pack Vendor :STMicroelectronics USB_DEVICE 2.0.0
2025-09-29 09:18:48,344 [INFO] ThirdParty:967 - CMSIS Pack Vendor :STMicroelectronics X-CUBE-NFC6 3.1.0
2025-09-29 09:18:48,344 [INFO] ThirdParty:967 - CMSIS Pack Vendor :STMicroelectronics FreeRTOS 0.0.1
2025-09-29 09:18:48,344 [INFO] ThirdParty:967 - CMSIS Pack Vendor :STMicroelectronics X-CUBE-AZRTOS-G0 1.1.0
2025-09-29 09:18:48,344 [INFO] ThirdParty:967 - CMSIS Pack Vendor :STMicroelectronics X-CUBE-SAFEA1 1.2.2
2025-09-29 09:18:48,344 [INFO] ThirdParty:967 - CMSIS Pack Vendor :STMicroelectronics X-CUBE-NFC4 3.0.0
2025-09-29 09:18:48,344 [INFO] ThirdParty:967 - CMSIS Pack Vendor :STMicroelectronics X-CUBE-SUBG2 5.0.0
2025-09-29 09:18:48,344 [INFO] ThirdParty:967 - CMSIS Pack Vendor :STMicroelectronics X-CUBE-AZRTOS-H7RS 1.1.0
2025-09-29 09:18:48,344 [INFO] ThirdParty:967 - CMSIS Pack Vendor :STMicroelectronics lwIP 2.0.3
2025-09-29 09:18:48,344 [INFO] ThirdParty:967 - CMSIS Pack Vendor :STMicroelectronics USB_HOST 1.0.0
2025-09-29 09:18:48,344 [INFO] ThirdParty:967 - CMSIS Pack Vendor :STMicroelectronics X-CUBE-AZRTOS-G4 2.0.0
2025-09-29 09:18:48,344 [INFO] ThirdParty:967 - CMSIS Pack Vendor :STMicroelectronics X-CUBE-WB05N 2.0.0
2025-09-29 09:18:48,344 [INFO] ThirdParty:967 - CMSIS Pack Vendor :STMicroelectronics PDM2PCM 3.1.0
2025-09-29 09:18:48,344 [INFO] ThirdParty:967 - CMSIS Pack Vendor :STMicroelectronics PDM2PCM 3.3.0
2025-09-29 09:18:48,344 [INFO] ThirdParty:967 - CMSIS Pack Vendor :wolfSSL I-CUBE-wolfTPM 3.8.0
2025-09-29 09:18:48,344 [INFO] ThirdParty:967 - CMSIS Pack Vendor :STMicroelectronics X-CUBE-AZRTOS-H7 3.4.0
2025-09-29 09:18:48,344 [INFO] ThirdParty:967 - CMSIS Pack Vendor :wolfSSL I-CUBE-wolfSSH 1.4.20
2025-09-29 09:18:48,344 [INFO] ThirdParty:967 - CMSIS Pack Vendor :STMicroelectronics X-CUBE-NFC7 2.0.0
2025-09-29 09:18:48,344 [INFO] ThirdParty:967 - CMSIS Pack Vendor :STMicroelectronics FP-ATR-SIGFOX1 3.2.0
2025-09-29 09:18:48,344 [INFO] ThirdParty:967 - CMSIS Pack Vendor :STMicroelectronics X-CUBE-NFC10 1.0.0
2025-09-29 09:18:48,344 [INFO] ThirdParty:967 - CMSIS Pack Vendor :STMicroelectronics HAL Drivers 0.0.0
2025-09-29 09:18:48,344 [INFO] ThirdParty:967 - CMSIS Pack Vendor :STMicroelectronics MBEDTLS 2.16.2
2025-09-29 09:18:48,344 [INFO] ThirdParty:967 - CMSIS Pack Vendor :STMicroelectronics MBEDTLS 2.14.1
2025-09-29 09:18:48,344 [INFO] ThirdParty:967 - CMSIS Pack Vendor :STMicroelectronics X-CUBE-STSE01 1.0.0
2025-09-29 09:18:48,344 [INFO] ThirdParty:967 - CMSIS Pack Vendor :STMicroelectronics X-CUBE-AI 10.2.0
2025-09-29 09:18:48,344 [INFO] ThirdParty:967 - CMSIS Pack Vendor :STMicroelectronics X-CUBE-AZRTOS-WL 2.0.0
2025-09-29 09:18:48,344 [INFO] ThirdParty:967 - CMSIS Pack Vendor :SEGGER I-CUBE-embOS 1.3.1
2025-09-29 09:18:48,344 [INFO] ThirdParty:967 - CMSIS Pack Vendor :STMicroelectronics X-CUBE-ALGOBUILD 1.4.0
2025-09-29 09:18:48,344 [INFO] ThirdParty:967 - CMSIS Pack Vendor :STMicroelectronics X-CUBE-MEMS1 11.3.0
2025-09-29 09:18:48,344 [INFO] ThirdParty:967 - CMSIS Pack Vendor :STMicroelectronics USB_DEVICE 1.0.0
2025-09-29 09:18:48,344 [INFO] ThirdParty:967 - CMSIS Pack Vendor :STMicroelectronics X-CUBE-AZRTOS-L4 2.0.0
2025-09-29 09:18:48,344 [INFO] ThirdParty:967 - CMSIS Pack Vendor :STMicroelectronics ThreadX 0.0.2
2025-09-29 09:18:48,344 [INFO] ThirdParty:967 - CMSIS Pack Vendor :STMicroelectronics lwIP 2.1.2
2025-09-29 09:18:48,344 [INFO] ThirdParty:967 - CMSIS Pack Vendor :STMicroelectronics X-CUBE-SFXS2LP1 4.0.0
2025-09-29 09:18:48,344 [INFO] ThirdParty:967 - CMSIS Pack Vendor :STMicroelectronics X-CUBE-BLE2 3.3.0
2025-09-29 09:18:48,344 [INFO] ThirdParty:967 - CMSIS Pack Vendor :STMicroelectronics PDM2PCM 3.2.0
2025-09-29 09:18:48,344 [INFO] ThirdParty:787 - exiting critical section [change project]
2025-09-29 09:18:48,689 [INFO] PinOutPanel:1463 - setPackage(No Configuration,No Configuration)
2025-09-29 09:18:48,698 [INFO] PinOutPanel:1463 - setPackage(STM32F103C6Ux,UFQFPN48)
2025-09-29 09:18:48,995 [INFO] UtilMem:74 - Before build in PCC Used Memory: 1039678256 Bytes (1073741824)
2025-09-29 09:18:49,620 [INFO] UtilMem:74 - After build in PCC Used Memory: 1039916416 Bytes (1073741824)
2025-09-29 09:18:49,637 [INFO] IPUIPlugin:74 - create IPUIPlugin
2025-09-29 09:18:49,637 [INFO] IPUIPlugin:74 - create IPUIPlugin
2025-09-29 09:18:49,637 [INFO] IPUIPlugin:74 - create IPUIPlugin
2025-09-29 09:18:49,637 [INFO] IPUIPlugin:74 - create IPUIPlugin
2025-09-29 09:18:49,637 [INFO] IPUIPlugin:74 - create IPUIPlugin
2025-09-29 09:18:49,637 [INFO] IPUIPlugin:74 - create IPUIPlugin
2025-09-29 09:18:49,637 [INFO] IPUIPlugin:74 - create IPUIPlugin
2025-09-29 09:18:49,637 [INFO] IPUIPlugin:74 - create IPUIPlugin
2025-09-29 09:18:49,637 [INFO] IPUIPlugin:74 - create IPUIPlugin
2025-09-29 09:18:49,637 [INFO] IPUIPlugin:74 - create IPUIPlugin
2025-09-29 09:18:49,637 [INFO] IPUIPlugin:74 - create IPUIPlugin
2025-09-29 09:18:49,637 [INFO] IPUIPlugin:74 - create IPUIPlugin
2025-09-29 09:18:49,637 [INFO] IPUIPlugin:74 - create IPUIPlugin
2025-09-29 09:18:49,637 [INFO] IPUIPlugin:74 - create IPUIPlugin
2025-09-29 09:18:49,637 [INFO] IPUIPlugin:74 - create IPUIPlugin
2025-09-29 09:18:49,639 [INFO] IPUIPlugin:74 - create IPUIPlugin
2025-09-29 09:18:49,639 [INFO] IPUIPlugin:74 - create IPUIPlugin
2025-09-29 09:18:49,639 [INFO] IPUIPlugin:74 - create IPUIPlugin
2025-09-29 09:18:49,639 [INFO] IPUIPlugin:74 - create IPUIPlugin
2025-09-29 09:18:49,639 [INFO] IPUIPlugin:74 - create IPUIPlugin
2025-09-29 09:18:49,639 [INFO] IPUIPlugin:74 - create IPUIPlugin
2025-09-29 09:18:49,639 [INFO] IPUIPlugin:74 - create IPUIPlugin
2025-09-29 09:18:49,639 [INFO] IPUIPlugin:74 - create IPUIPlugin
2025-09-29 09:18:49,728 [INFO] OpenFileManager:333 - Restore cursor
2025-09-29 10:30:21,174 [INFO] UtilMem:74 - End SaveConfig() Used Memory: 887201176 Bytes (1073741824)
2025-09-29 10:31:18,215 [INFO] UtilMem:74 - End SaveConfig() Used Memory: 894478048 Bytes (1073741824)
2025-09-29 10:31:18,452 [INFO] BlockDiagram:2740 - set Specific Code input for plugin: NVIC
2025-09-29 10:31:18,452 [INFO] BlockDiagram:2740 - set Specific Code input for plugin: SYS
2025-09-29 10:31:18,452 [INFO] BlockDiagram:2740 - set Specific Code input for plugin: GPIO
2025-09-29 10:31:18,452 [INFO] BlockDiagram:2740 - set Specific Code input for plugin: RCC
2025-09-29 10:31:18,452 [INFO] BlockDiagram:2740 - set Specific Code input for plugin: TIM1_8F1
2025-09-29 10:31:18,452 [INFO] CodeGenerator:663 - code generatio: config db path: D:\STM32CubeIDE_1.7.0\STM32CubeIDE\plugins\com.st.stm32cube.common.mx_6.3.0.202107141111\\db\
2025-09-29 10:31:18,727 [INFO] CodeEngine:239 - oldGeneratedFile, D:\GIT_LAB2\LAB2_Exercise\MXTmpFiles\license.tmp_save
2025-09-29 10:31:19,077 [INFO] CodeEngine:257 - Generated code: D:\GIT_LAB2\LAB2_Exercise\MXTmpFiles\license.tmp
2025-09-29 10:31:19,197 [INFO] CodeEngine:239 - oldGeneratedFile, D:\GIT_LAB2\LAB2_Exercise\MXTmpFiles\gpio.tmp_save
2025-09-29 10:31:19,267 [INFO] CodeEngine:257 - Generated code: D:\GIT_LAB2\LAB2_Exercise\MXTmpFiles\gpio.tmp
2025-09-29 10:31:19,419 [INFO] CodeEngine:239 - oldGeneratedFile, D:\GIT_LAB2\LAB2_Exercise\Core\Src\stm32f1xx_it.c_save
2025-09-29 10:31:19,516 [INFO] CodeEngine:257 - Generated code: D:\GIT_LAB2\LAB2_Exercise\Core\Src\stm32f1xx_it.c
2025-09-29 10:31:19,532 [INFO] CodeEngine:239 - oldGeneratedFile, D:\GIT_LAB2\LAB2_Exercise\Core\Inc\stm32f1xx_it.h_save
2025-09-29 10:31:19,589 [INFO] CodeEngine:257 - Generated code: D:\GIT_LAB2\LAB2_Exercise\Core\Inc\stm32f1xx_it.h
2025-09-29 10:31:19,605 [INFO] CodeEngine:239 - oldGeneratedFile, D:\GIT_LAB2\LAB2_Exercise\Core\Src\stm32f1xx_hal_msp.c_save
2025-09-29 10:31:19,704 [INFO] CodeEngine:257 - Generated code: D:\GIT_LAB2\LAB2_Exercise\Core\Src\stm32f1xx_hal_msp.c
2025-09-29 10:31:19,713 [INFO] CodeEngine:239 - oldGeneratedFile, D:\GIT_LAB2\LAB2_Exercise\MXTmpFiles\system.tmp_save
2025-09-29 10:31:19,778 [INFO] CodeEngine:257 - Generated code: D:\GIT_LAB2\LAB2_Exercise\MXTmpFiles\system.tmp
2025-09-29 10:31:19,812 [INFO] CodeEngine:239 - oldGeneratedFile, D:\GIT_LAB2\LAB2_Exercise\Core\Inc\stm32f1xx_hal_conf.h_save
2025-09-29 10:31:19,911 [INFO] CodeEngine:257 - Generated code: D:\GIT_LAB2\LAB2_Exercise\Core\Inc\stm32f1xx_hal_conf.h
2025-09-29 10:31:19,943 [WARN] IPConfigManager:3148 - IP not found : TIM
2025-09-29 10:31:19,943 [WARN] CodeGenerator:3268 - IP not found : null
2025-09-29 10:31:19,976 [INFO] CodeEngine:239 - oldGeneratedFile, D:\GIT_LAB2\LAB2_Exercise\Core\Inc\main.h_save
2025-09-29 10:31:20,068 [INFO] CodeEngine:257 - Generated code: D:\GIT_LAB2\LAB2_Exercise\Core\Inc\main.h
2025-09-29 10:31:20,100 [INFO] CodeEngine:239 - oldGeneratedFile, D:\GIT_LAB2\LAB2_Exercise\Core\Src\main.c_save
2025-09-29 10:31:20,217 [INFO] CodeEngine:257 - Generated code: D:\GIT_LAB2\LAB2_Exercise\Core\Src\main.c
2025-09-29 10:31:21,486 [INFO] ProjectBuilder:2578 - Time for Copy HAL[1] : 74mS.
2025-09-29 10:31:21,495 [INFO] ProjectBuilder:3622 - Project Generator version: 3.14.1
2025-09-29 10:31:21,793 [INFO] ConfigFileManager:1271 - The Die is : DIE412
2025-09-29 10:31:21,816 [INFO] ApiDbMcu:468 - Load IP Config File for FATFS
2025-09-29 10:31:21,834 [INFO] ApiDbMcu:468 - Load IP Config File for FREERTOS
2025-09-29 10:31:21,860 [INFO] ApiDbMcu:468 - Load IP Config File for USB_DEVICE
2025-09-29 10:31:24,613 [INFO] ProjectBuilder:3789 - Time for Generating toolchain IDE Files: 3118mS.
2025-09-29 10:31:24,613 [INFO] ProjectBuilder:2457 - Time for Copy CMSIS : 0mS.
2025-09-29 10:31:24,613 [INFO] ProjectBuilder:2457 - Time for Copy CMSIS : 0mS.
2025-09-29 12:01:12,884 [INFO] Activator:177 - 


2025-09-29 12:01:12,884 [INFO] Activator:178 - !SESSION log4j initialized
2025-09-29 12:01:25,978 [INFO] McuFinderGlobals:39 - Set McuFinder mode to 2 (CubeIDE integrated)
2025-09-29 12:01:26,089 [INFO] ApplicationProperties:181 - Using Application install path: D:\STM32CubeIDE_1.7.0\STM32CubeIDE\plugins\com.st.stm32cube.common.mx_6.3.0.202107141111
2025-09-29 12:01:26,089 [INFO] DbMcusXml:74 - Set database path to: D:\STM32CubeIDE_1.7.0\STM32CubeIDE\plugins\com.st.stm32cube.common.mx_6.3.0.202107141111\\db\/mcu/
2025-09-29 12:01:26,089 [INFO] DbBoardsPdsc:56 - Set plugin database path to: D:\STM32CubeIDE_1.7.0\STM32CubeIDE\plugins\com.st.stm32cube.common.mx_6.3.0.202107141111\\db\/plugins/boardmanager/
2025-09-29 12:01:26,089 [INFO] DbMcus:258 - Set plugin images path to: D:\STM32CubeIDE_1.7.0\STM32CubeIDE\plugins\com.st.stm32cube.common.mx_6.3.0.202107141111\\db\/plugins/mcufinder/images/
2025-09-29 12:01:26,089 [INFO] DbBoards:264 - Set plugin images path to: D:\STM32CubeIDE_1.7.0\STM32CubeIDE\plugins\com.st.stm32cube.common.mx_6.3.0.202107141111\\db\/plugins/mcufinder/images/
2025-09-29 12:01:26,105 [INFO] DbExamples:333 - Set plugin images path to: D:\STM32CubeIDE_1.7.0\STM32CubeIDE\plugins\com.st.stm32cube.common.mx_6.3.0.202107141111\\db\/plugins/mcufinder/images/
2025-09-29 12:01:26,105 [INFO] DbMcusAds:119 - Set database path to: C:\Users\tri\.stmcufinder\plugins\mcufinder//mcu/
2025-09-29 12:01:26,105 [INFO] DbMcusDocs:110 - Set database path to: C:\Users\tri\.stmcufinder\plugins\mcufinder//mcu/
2025-09-29 12:01:26,105 [INFO] DbMcusJson:64 - Set database path to: C:\Users\tri\.stmcufinder\plugins\mcufinder//mcu/
2025-09-29 12:01:26,105 [INFO] DbBoardsDocs:110 - Set database path to: C:\Users\tri\.stmcufinder\plugins\mcufinder//mcu/
2025-09-29 12:01:26,105 [INFO] DbBoardsJson:57 - Set database path to: C:\Users\tri\.stmcufinder\plugins\mcufinder//mcu/
2025-09-29 12:01:26,105 [INFO] CrossReferenceDbSqlite:196 - Set database path to: C:\Users\tri\.stmcufinder\plugins\mcufinder//mcu/cs/
2025-09-29 12:01:26,120 [INFO] DbExamplesSqlite:767 - Set database path to: C:\Users\tri\.stmcufinder\plugins\mcufinder//mcu/
2025-09-29 12:01:26,178 [INFO] RulesReader:57 - Compatibility file has been processed (242 Rules)
2025-09-29 12:01:26,231 [INFO] DbMcusXml:74 - Set database path to: D:\STM32CubeIDE_1.7.0\STM32CubeIDE\plugins\com.st.stm32cube.common.mx_6.3.0.202107141111\\db\/mcu/
2025-09-29 12:01:26,231 [INFO] DbBoardsPdsc:56 - Set plugin database path to: D:\STM32CubeIDE_1.7.0\STM32CubeIDE\plugins\com.st.stm32cube.common.mx_6.3.0.202107141111\\db\/plugins/boardmanager/
2025-09-29 12:01:26,231 [INFO] DbMcus:258 - Set plugin images path to: D:\STM32CubeIDE_1.7.0\STM32CubeIDE\plugins\com.st.stm32cube.common.mx_6.3.0.202107141111\\db\/plugins/mcufinder/images/
2025-09-29 12:01:26,231 [INFO] DbBoards:264 - Set plugin images path to: D:\STM32CubeIDE_1.7.0\STM32CubeIDE\plugins\com.st.stm32cube.common.mx_6.3.0.202107141111\\db\/plugins/mcufinder/images/
2025-09-29 12:01:26,231 [INFO] DbExamples:333 - Set plugin images path to: D:\STM32CubeIDE_1.7.0\STM32CubeIDE\plugins\com.st.stm32cube.common.mx_6.3.0.202107141111\\db\/plugins/mcufinder/images/
2025-09-29 12:01:26,231 [WARN] DbFile:35 - Overriding database path with different value: C:\Users\tri\.stmcufinder\plugins\mcufinder/ => C:\Users\tri\.stmcufinder\plugins\mcufinder
2025-09-29 12:01:26,231 [INFO] DbMcusAds:119 - Set database path to: C:\Users\tri\.stmcufinder\plugins\mcufinder//mcu/
2025-09-29 12:01:26,231 [WARN] DbFile:35 - Overriding database path with different value: C:\Users\tri\.stmcufinder\plugins\mcufinder/ => C:\Users\tri\.stmcufinder\plugins\mcufinder
2025-09-29 12:01:26,236 [INFO] DbMcusDocs:110 - Set database path to: C:\Users\tri\.stmcufinder\plugins\mcufinder//mcu/
2025-09-29 12:01:26,236 [WARN] DbFile:35 - Overriding database path with different value: C:\Users\tri\.stmcufinder\plugins\mcufinder/ => C:\Users\tri\.stmcufinder\plugins\mcufinder
2025-09-29 12:01:26,236 [INFO] DbMcusJson:64 - Set database path to: C:\Users\tri\.stmcufinder\plugins\mcufinder//mcu/
2025-09-29 12:01:26,236 [WARN] DbFile:35 - Overriding database path with different value: C:\Users\tri\.stmcufinder\plugins\mcufinder/ => C:\Users\tri\.stmcufinder\plugins\mcufinder
2025-09-29 12:01:26,236 [INFO] DbBoardsDocs:110 - Set database path to: C:\Users\tri\.stmcufinder\plugins\mcufinder//mcu/
2025-09-29 12:01:26,236 [WARN] DbFile:35 - Overriding database path with different value: C:\Users\tri\.stmcufinder\plugins\mcufinder/ => C:\Users\tri\.stmcufinder\plugins\mcufinder
2025-09-29 12:01:26,236 [INFO] DbBoardsJson:57 - Set database path to: C:\Users\tri\.stmcufinder\plugins\mcufinder//mcu/
2025-09-29 12:01:26,236 [WARN] DbFile:35 - Overriding database path with different value: C:\Users\tri\.stmcufinder\plugins\mcufinder/ => C:\Users\tri\.stmcufinder\plugins\mcufinder
2025-09-29 12:01:26,236 [WARN] DbFile:35 - Overriding database path with different value: C:\Users\tri\.stmcufinder\plugins\mcufinder/ => C:\Users\tri\.stmcufinder\plugins\mcufinder
2025-09-29 12:01:26,236 [INFO] CrossReferenceDbSqlite:196 - Set database path to: C:\Users\tri\.stmcufinder\plugins\mcufinder//mcu/cs/
2025-09-29 12:01:26,236 [WARN] DbFile:35 - Overriding database path with different value: C:\Users\tri\.stmcufinder\plugins\mcufinder/ => C:\Users\tri\.stmcufinder\plugins\mcufinder
2025-09-29 12:01:26,236 [INFO] DbExamplesSqlite:767 - Set database path to: C:\Users\tri\.stmcufinder\plugins\mcufinder//mcu/
2025-09-29 12:01:26,278 [INFO] MainPanel:214 - HeapMemory: 268435456
2025-09-29 12:01:26,326 [INFO] DbMcusXml:74 - Set database path to: D:\STM32CubeIDE_1.7.0\STM32CubeIDE\plugins\com.st.stm32cube.common.mx_6.3.0.202107141111\\db\/mcu/
2025-09-29 12:01:26,326 [INFO] DbBoardsPdsc:56 - Set plugin database path to: D:\STM32CubeIDE_1.7.0\STM32CubeIDE\plugins\com.st.stm32cube.common.mx_6.3.0.202107141111\\db\/plugins/boardmanager/
2025-09-29 12:01:26,326 [INFO] DbMcus:258 - Set plugin images path to: D:\STM32CubeIDE_1.7.0\STM32CubeIDE\plugins\com.st.stm32cube.common.mx_6.3.0.202107141111\\db\/plugins/mcufinder/images/
2025-09-29 12:01:26,326 [INFO] DbBoards:264 - Set plugin images path to: D:\STM32CubeIDE_1.7.0\STM32CubeIDE\plugins\com.st.stm32cube.common.mx_6.3.0.202107141111\\db\/plugins/mcufinder/images/
2025-09-29 12:01:26,326 [INFO] DbExamples:333 - Set plugin images path to: D:\STM32CubeIDE_1.7.0\STM32CubeIDE\plugins\com.st.stm32cube.common.mx_6.3.0.202107141111\\db\/plugins/mcufinder/images/
2025-09-29 12:01:26,326 [WARN] DbFile:35 - Overriding database path with different value: C:\Users\tri\.stmcufinder\plugins\mcufinder/ => C:\Users\tri\.stmcufinder\plugins\mcufinder
2025-09-29 12:01:26,326 [INFO] DbMcusAds:119 - Set database path to: C:\Users\tri\.stmcufinder\plugins\mcufinder//mcu/
2025-09-29 12:01:26,326 [WARN] DbFile:35 - Overriding database path with different value: C:\Users\tri\.stmcufinder\plugins\mcufinder/ => C:\Users\tri\.stmcufinder\plugins\mcufinder
2025-09-29 12:01:26,326 [INFO] DbMcusDocs:110 - Set database path to: C:\Users\tri\.stmcufinder\plugins\mcufinder//mcu/
2025-09-29 12:01:26,341 [WARN] DbFile:35 - Overriding database path with different value: C:\Users\tri\.stmcufinder\plugins\mcufinder/ => C:\Users\tri\.stmcufinder\plugins\mcufinder
2025-09-29 12:01:26,341 [INFO] DbMcusJson:64 - Set database path to: C:\Users\tri\.stmcufinder\plugins\mcufinder//mcu/
2025-09-29 12:01:26,341 [WARN] DbFile:35 - Overriding database path with different value: C:\Users\tri\.stmcufinder\plugins\mcufinder/ => C:\Users\tri\.stmcufinder\plugins\mcufinder
2025-09-29 12:01:26,341 [INFO] DbBoardsDocs:110 - Set database path to: C:\Users\tri\.stmcufinder\plugins\mcufinder//mcu/
2025-09-29 12:01:26,341 [WARN] DbFile:35 - Overriding database path with different value: C:\Users\tri\.stmcufinder\plugins\mcufinder/ => C:\Users\tri\.stmcufinder\plugins\mcufinder
2025-09-29 12:01:26,341 [INFO] DbBoardsJson:57 - Set database path to: C:\Users\tri\.stmcufinder\plugins\mcufinder//mcu/
2025-09-29 12:01:26,341 [WARN] DbFile:35 - Overriding database path with different value: C:\Users\tri\.stmcufinder\plugins\mcufinder/ => C:\Users\tri\.stmcufinder\plugins\mcufinder
2025-09-29 12:01:26,341 [WARN] DbFile:35 - Overriding database path with different value: C:\Users\tri\.stmcufinder\plugins\mcufinder/ => C:\Users\tri\.stmcufinder\plugins\mcufinder
2025-09-29 12:01:26,341 [INFO] CrossReferenceDbSqlite:196 - Set database path to: C:\Users\tri\.stmcufinder\plugins\mcufinder//mcu/cs/
2025-09-29 12:01:26,341 [WARN] DbFile:35 - Overriding database path with different value: C:\Users\tri\.stmcufinder\plugins\mcufinder/ => C:\Users\tri\.stmcufinder\plugins\mcufinder
2025-09-29 12:01:26,341 [INFO] DbExamplesSqlite:767 - Set database path to: C:\Users\tri\.stmcufinder\plugins\mcufinder//mcu/
2025-09-29 12:01:26,341 [INFO] ApplicationProperties:181 - Using Application install path: D:\STM32CubeIDE_1.7.0\STM32CubeIDE\plugins\com.st.stm32cube.common.mx_6.3.0.202107141111
2025-09-29 12:01:26,341 [INFO] PluginManage:188 - Search for loadable plugins [exclusion list=, ]
2025-09-29 12:01:26,341 [INFO] PluginManage:302 - Check plugin analytics
2025-09-29 12:01:26,452 [INFO] AnalyticsPlugin:257 - Accepted Software Licenses: 
2025-09-29 12:01:26,452 [INFO] AnalyticsPlugin:259 - Accepted CMSIS Pack Licenses: 
2025-09-29 12:01:26,452 [INFO] AnalyticsPlugin:261 - Accepted Firmware Licenses: 
2025-09-29 12:01:26,452 [INFO] PluginManage:352 - Loaded plugin analytics (category:tool,tabindex:-1)
2025-09-29 12:01:26,452 [INFO] PluginManage:302 - Check plugin clock
2025-09-29 12:01:26,468 [INFO] PluginManage:352 - Loaded plugin clock (category:base,tabindex:2)
2025-09-29 12:01:26,468 [INFO] PluginManage:302 - Check plugin ddr
2025-09-29 12:01:26,468 [INFO] PluginManage:352 - Loaded plugin ddr (category:tool,tabindex:6)
2025-09-29 12:01:26,468 [INFO] PluginManage:302 - Check plugin filemanager
2025-09-29 12:01:26,564 [INFO] PluginManage:352 - Loaded plugin filemanager (category:base,tabindex:10)
2025-09-29 12:01:26,564 [INFO] PluginManage:302 - Check plugin ipmanager
2025-09-29 12:01:26,574 [INFO] PluginManage:352 - Loaded plugin ipmanager (category:base,tabindex:5)
2025-09-29 12:01:26,574 [INFO] PluginManage:302 - Check plugin pinoutandconfiguration
2025-09-29 12:01:26,580 [INFO] PluginManage:352 - Loaded plugin pinoutandconfiguration (category:base,tabindex:1)
2025-09-29 12:01:26,580 [INFO] PluginManage:302 - Check plugin pinoutconfig
2025-09-29 12:01:26,596 [INFO] PluginManage:352 - Loaded plugin pinoutconfig (category:base,tabindex:0)
2025-09-29 12:01:26,596 [INFO] PluginManage:302 - Check plugin power
2025-09-29 12:01:26,596 [INFO] PluginManage:352 - Loaded plugin power (category:power,tabindex:4)
2025-09-29 12:01:26,596 [INFO] PluginManage:302 - Check plugin projectmanager
2025-09-29 12:01:26,611 [INFO] PluginManage:352 - Loaded plugin projectmanager (category:projectmanager,tabindex:3)
2025-09-29 12:01:26,611 [INFO] PluginManage:302 - Check plugin thirdparty
2025-09-29 12:01:26,675 [INFO] PluginManage:352 - Loaded plugin thirdparty (category:base,tabindex:-1)
2025-09-29 12:01:26,675 [INFO] PluginManage:302 - Check plugin tools
2025-09-29 12:01:26,675 [WARN] IntegrityCheckThread:78 - waiting for thirdparty lock release [integrity check]
2025-09-29 12:01:26,675 [INFO] IntegrityCheckThread:80 - entering critical section [integrity check]
2025-09-29 12:01:26,675 [INFO] ThirdPartyUpdaterWithRetryManager:66 - Updater plugin not ready yet. [1/15]
2025-09-29 12:01:26,690 [INFO] PluginManage:352 - Loaded plugin tools (category:base,tabindex:7)
2025-09-29 12:01:26,690 [INFO] PluginManage:302 - Check plugin tutovideos
2025-09-29 12:01:26,817 [INFO] PluginManage:352 - Loaded plugin tutovideos (category:base,tabindex:-1)
2025-09-29 12:01:26,817 [INFO] PluginManage:302 - Check plugin updater
2025-09-29 12:01:26,832 [INFO] PluginManage:352 - Loaded plugin updater (category:base,tabindex:12)
2025-09-29 12:01:26,832 [INFO] PluginManage:275 - PluginManage : Loaded plugins [13]
2025-09-29 12:01:26,943 [INFO] PinOutPanel:1463 - setPackage(No Configuration,No Configuration)
2025-09-29 12:01:26,990 [INFO] IPUIPlugin:74 - create IPUIPlugin
2025-09-29 12:01:26,990 [INFO] PluginManager:213 - loadIPPluginJar : add adc
2025-09-29 12:01:26,990 [INFO] IPUIPlugin:74 - create IPUIPlugin
2025-09-29 12:01:26,990 [INFO] PluginManager:213 - loadIPPluginJar : add aes
2025-09-29 12:01:26,990 [INFO] IPUIPlugin:74 - create IPUIPlugin
2025-09-29 12:01:26,990 [INFO] PluginManager:213 - loadIPPluginJar : add can
2025-09-29 12:01:26,990 [INFO] IPUIPlugin:74 - create IPUIPlugin
2025-09-29 12:01:26,990 [INFO] PluginManager:213 - loadIPPluginJar : add comp
2025-09-29 12:01:26,990 [INFO] IPUIPlugin:74 - create IPUIPlugin
2025-09-29 12:01:26,990 [INFO] PluginManager:213 - loadIPPluginJar : add cryp
2025-09-29 12:01:26,990 [INFO] IPUIPlugin:74 - create IPUIPlugin
2025-09-29 12:01:26,990 [INFO] PluginManager:213 - loadIPPluginJar : add dfsdm
2025-09-29 12:01:27,006 [INFO] IPUIPlugin:74 - create IPUIPlugin
2025-09-29 12:01:27,006 [INFO] PluginManager:213 - loadIPPluginJar : add dma
2025-09-29 12:01:27,006 [INFO] IPUIPlugin:74 - create IPUIPlugin
2025-09-29 12:01:27,006 [INFO] PluginManager:213 - loadIPPluginJar : add dma3
2025-09-29 12:01:27,006 [INFO] IPUIPlugin:74 - create IPUIPlugin
2025-09-29 12:01:27,006 [INFO] PluginManager:213 - loadIPPluginJar : add fatfs
2025-09-29 12:01:27,006 [INFO] IPUIPlugin:74 - create IPUIPlugin
2025-09-29 12:01:27,006 [INFO] PluginManager:213 - loadIPPluginJar : add fmc
2025-09-29 12:01:27,016 [INFO] IPUIPlugin:74 - create IPUIPlugin
2025-09-29 12:01:27,016 [INFO] PluginManager:213 - loadIPPluginJar : add freertos
2025-09-29 12:01:27,016 [INFO] IPUIPlugin:74 - create IPUIPlugin
2025-09-29 12:01:27,016 [INFO] PluginManager:213 - loadIPPluginJar : add genericplugin
2025-09-29 12:01:27,016 [INFO] IPUIPlugin:74 - create IPUIPlugin
2025-09-29 12:01:27,016 [INFO] PluginManager:213 - loadIPPluginJar : add gfxmmu
2025-09-29 12:01:27,022 [INFO] IPUIPlugin:74 - create IPUIPlugin
2025-09-29 12:01:27,022 [INFO] PluginManager:213 - loadIPPluginJar : add gic
2025-09-29 12:01:27,022 [INFO] IPUIPlugin:74 - create IPUIPlugin
2025-09-29 12:01:27,022 [INFO] PluginManager:213 - loadIPPluginJar : add gpio
2025-09-29 12:01:27,022 [INFO] IPUIPlugin:74 - create IPUIPlugin
2025-09-29 12:01:27,022 [INFO] PluginManager:213 - loadIPPluginJar : add gtzc
2025-09-29 12:01:27,022 [INFO] IPUIPlugin:74 - create IPUIPlugin
2025-09-29 12:01:27,022 [INFO] PluginManager:213 - loadIPPluginJar : add hash
2025-09-29 12:01:27,022 [INFO] IPUIPlugin:74 - create IPUIPlugin
2025-09-29 12:01:27,022 [INFO] PluginManager:213 - loadIPPluginJar : add i2c
2025-09-29 12:01:27,022 [INFO] IPUIPlugin:74 - create IPUIPlugin
2025-09-29 12:01:27,022 [INFO] PluginManager:213 - loadIPPluginJar : add i2s
2025-09-29 12:01:27,022 [INFO] IPUIPlugin:74 - create IPUIPlugin
2025-09-29 12:01:27,022 [INFO] PluginManager:213 - loadIPPluginJar : add ipddr
2025-09-29 12:01:27,038 [INFO] IPUIPlugin:74 - create IPUIPlugin
2025-09-29 12:01:27,038 [INFO] PluginManager:213 - loadIPPluginJar : add linkedlist
2025-09-29 12:01:27,038 [INFO] IPUIPlugin:74 - create IPUIPlugin
2025-09-29 12:01:27,038 [INFO] PluginManager:213 - loadIPPluginJar : add lorawan
2025-09-29 12:01:27,038 [INFO] IPUIPlugin:74 - create IPUIPlugin
2025-09-29 12:01:27,038 [INFO] PluginManager:213 - loadIPPluginJar : add ltdc
2025-09-29 12:01:27,038 [INFO] IPUIPlugin:74 - create IPUIPlugin
2025-09-29 12:01:27,038 [INFO] PluginManager:213 - loadIPPluginJar : add mdma
2025-09-29 12:01:27,038 [INFO] IPUIPlugin:74 - create IPUIPlugin
2025-09-29 12:01:27,038 [INFO] PluginManager:213 - loadIPPluginJar : add nvic
2025-09-29 12:01:27,038 [INFO] IPUIPlugin:74 - create IPUIPlugin
2025-09-29 12:01:27,038 [INFO] PluginManager:213 - loadIPPluginJar : add opamp
2025-09-29 12:01:27,038 [INFO] IPUIPlugin:74 - create IPUIPlugin
2025-09-29 12:01:27,038 [INFO] PluginManager:213 - loadIPPluginJar : add openamp
2025-09-29 12:01:27,038 [INFO] IPUIPlugin:74 - create IPUIPlugin
2025-09-29 12:01:27,038 [INFO] PluginManager:213 - loadIPPluginJar : add pdm2pcm
2025-09-29 12:01:27,053 [INFO] IPUIPlugin:74 - create IPUIPlugin
2025-09-29 12:01:27,053 [INFO] PluginManager:213 - loadIPPluginJar : add plateformsettings
2025-09-29 12:01:27,053 [INFO] IPUIPlugin:74 - create IPUIPlugin
2025-09-29 12:01:27,053 [INFO] PluginManager:213 - loadIPPluginJar : add quadspi
2025-09-29 12:01:27,053 [INFO] IPUIPlugin:74 - create IPUIPlugin
2025-09-29 12:01:27,053 [INFO] PluginManager:213 - loadIPPluginJar : add resmgrutility
2025-09-29 12:01:27,053 [INFO] IPUIPlugin:74 - create IPUIPlugin
2025-09-29 12:01:27,053 [INFO] PluginManager:213 - loadIPPluginJar : add sai
2025-09-29 12:01:27,053 [INFO] IPUIPlugin:74 - create IPUIPlugin
2025-09-29 12:01:27,053 [INFO] PluginManager:213 - loadIPPluginJar : add spi
2025-09-29 12:01:27,053 [INFO] IPUIPlugin:74 - create IPUIPlugin
2025-09-29 12:01:27,053 [INFO] PluginManager:213 - loadIPPluginJar : add stm32_wpan
2025-09-29 12:01:27,069 [INFO] IPUIPlugin:74 - create IPUIPlugin
2025-09-29 12:01:27,069 [INFO] PluginManager:213 - loadIPPluginJar : add tim
2025-09-29 12:01:27,069 [INFO] IPUIPlugin:74 - create IPUIPlugin
2025-09-29 12:01:27,069 [INFO] PluginManager:213 - loadIPPluginJar : add touchsensing
2025-09-29 12:01:27,069 [INFO] IPUIPlugin:74 - create IPUIPlugin
2025-09-29 12:01:27,069 [INFO] PluginManager:213 - loadIPPluginJar : add tracer_emb
2025-09-29 12:01:27,069 [INFO] IPUIPlugin:74 - create IPUIPlugin
2025-09-29 12:01:27,069 [INFO] PluginManager:213 - loadIPPluginJar : add ts
2025-09-29 12:01:27,069 [INFO] IPUIPlugin:74 - create IPUIPlugin
2025-09-29 12:01:27,069 [INFO] PluginManager:213 - loadIPPluginJar : add tsc
2025-09-29 12:01:27,069 [INFO] IPUIPlugin:74 - create IPUIPlugin
2025-09-29 12:01:27,069 [INFO] PluginManager:213 - loadIPPluginJar : add ucpd
2025-09-29 12:01:27,069 [INFO] IPUIPlugin:74 - create IPUIPlugin
2025-09-29 12:01:27,069 [INFO] PluginManager:213 - loadIPPluginJar : add usart
2025-09-29 12:01:27,080 [INFO] IPUIPlugin:74 - create IPUIPlugin
2025-09-29 12:01:27,080 [INFO] PluginManager:213 - loadIPPluginJar : add usbx
2025-09-29 12:01:27,279 [FATAL] Updater:294 - Updater called before beeing initialized
2025-09-29 12:01:27,342 [FATAL] Updater:294 - Updater called before beeing initialized
2025-09-29 12:01:27,342 [INFO] DbMcusAds:47 - JSON generation date=Tue Jul 08 15:14:23 ICT 2025 (1751962463524)
2025-09-29 12:01:27,342 [FATAL] Updater:294 - Updater called before beeing initialized
2025-09-29 12:01:27,374 [WARN] DetailPanel:314 - Failed to get advertising image, set to default
2025-09-29 12:01:27,422 [FATAL] Updater:294 - Updater called before beeing initialized
2025-09-29 12:01:27,422 [FATAL] Updater:294 - Updater called before beeing initialized
2025-09-29 12:01:27,422 [FATAL] Updater:294 - Updater called before beeing initialized
2025-09-29 12:01:27,422 [WARN] DetailPanel:314 - Failed to get advertising image, set to default
2025-09-29 12:01:27,422 [FATAL] Updater:294 - Updater called before beeing initialized
2025-09-29 12:01:27,470 [ERROR] Updater:1075 - MainUpdater not yet initialized. External WinMGr cannot be set.
2025-09-29 12:01:27,470 [INFO] Updater:1012 - Updater Version found : 6.3.0
2025-09-29 12:01:27,504 [INFO] ApplicationProperties:181 - Using Application install path: D:\STM32CubeIDE_1.7.0\STM32CubeIDE\plugins\com.st.stm32cube.common.mx_6.3.0.202107141111
2025-09-29 12:01:27,867 [INFO] MainUpdater:2671 - connection check result : 10
2025-09-29 12:01:27,867 [INFO] MainUpdater:265 - Updater Check For Update Now.
2025-09-29 12:01:27,867 [INFO] MicroXplorer:478 - Change Database Version : DB.6.0.30
2025-09-29 12:01:28,009 [INFO] CheckServerUpdateThread:112 - End of CheckServer Thread
2025-09-29 12:01:28,088 [INFO] MainUpdater:2671 - connection check result : 10
2025-09-29 12:01:28,088 [INFO] MainUpdater:2671 - connection check result : 10
2025-09-29 12:01:28,152 [INFO] MicroXplorer:448 - Change Database Path : 
2025-09-29 12:01:28,152 [INFO] MicroXplorer:478 - Change Database Version : DB.6.0.30
2025-09-29 12:01:28,152 [WARN] ThirdParty:813 - waiting for thirdparty lock release [close project]
2025-09-29 12:01:29,776 [ERROR] Engine:463 - C:\Users\tri\.stm32cubemx\thirdparties\pdsc\STMicroelectronics.FP-SNS-MOTENVWB1.1.4.0.pdsc: PDSC version is not supported
2025-09-29 12:01:29,782 [WARN] PackLoader:238 - Cannot read IP mode file for STMicroelectronics.FP-ATR-ASTRA1.2.0.2
2025-09-29 12:01:29,782 [ERROR] Engine:463 - C:\Users\tri\.stm32cubemx\thirdparties\pdsc\STMicroelectronics.X-CUBE-SMBUS.2.1.0.pdsc: PDSC version is not supported
2025-09-29 12:01:29,798 [ERROR] Engine:463 - C:\Users\tri\.stm32cubemx\thirdparties\pdsc\STMicroelectronics.X-CUBE-ST60.1.0.0.pdsc: PDSC version is not supported
2025-09-29 12:01:29,798 [WARN] PackLoader:238 - Cannot read IP mode file for STMicroelectronics.X-CUBE-AZRTOS-F7.1.1.0
2025-09-29 12:01:29,814 [ERROR] Engine:463 - C:\Users\tri\.stm32cubemx\thirdparties\pdsc\WES.I-CUBE-Cesium.1.4.0.pdsc: PDSC version is not supported
2025-09-29 12:01:29,814 [ERROR] Engine:463 - C:\Users\tri\.stm32cubemx\thirdparties\pdsc\Infineon.AIROC-Wi-Fi-Bluetooth-STM32.1.7.1.pdsc: PDSC version is not supported
2025-09-29 12:01:29,830 [WARN] PackLoader:238 - Cannot read IP mode file for STMicroelectronics.X-CUBE-AZRTOS-H7.3.4.0
2025-09-29 12:01:29,846 [ERROR] Engine:463 - C:\Users\tri\.stm32cubemx\thirdparties\pdsc\STMicroelectronics.X-CUBE-DISPLAY.3.0.0.pdsc: PDSC version is not supported
2025-09-29 12:01:29,846 [WARN] PackLoader:238 - Cannot read IP mode file for STMicroelectronics.X-CUBE-NFC10.1.0.0
2025-09-29 12:01:29,846 [ERROR] Engine:463 - C:\Users\tri\.stm32cubemx\thirdparties\pdsc\emotas.I-CUBE-CANOPEN.1.3.0.pdsc: PDSC version is not supported
2025-09-29 12:01:29,846 [ERROR] Engine:463 - C:\Users\tri\.stm32cubemx\thirdparties\pdsc\STMicroelectronics.FP-SNS-STBOX1.2.1.0.pdsc: PDSC version is not supported
2025-09-29 12:01:29,846 [ERROR] Engine:463 - C:\Users\tri\.stm32cubemx\thirdparties\pdsc\STMicroelectronics.FP-SNS-SMARTAG2.1.2.0.pdsc: PDSC version is not supported
2025-09-29 12:01:29,846 [ERROR] Engine:463 - C:\Users\tri\.stm32cubemx\thirdparties\pdsc\STMicroelectronics.FP-SNS-FLIGHT1.5.1.0.pdsc: PDSC version is not supported
2025-09-29 12:01:29,862 [INFO] LogOutputStream:76 - [STDOUT_REDIRECT] 1 : Invalid condition id : UX_CORESTACK_Condition cause : null
2025-09-29 12:01:29,862 [INFO] LogOutputStream:76 - [STDOUT_REDIRECT] 1 : Invalid condition id : UX_CORESTACK_Condition cause : null
2025-09-29 12:01:29,862 [INFO] LogOutputStream:76 - [STDOUT_REDIRECT] 1 : Invalid condition id : UX_CORESTACK_Condition cause : null
2025-09-29 12:01:29,862 [INFO] LogOutputStream:76 - [STDOUT_REDIRECT] 1 : Invalid condition id : UX_CORESTACK_Condition cause : null
2025-09-29 12:01:29,862 [INFO] LogOutputStream:76 - [STDOUT_REDIRECT] 1 : Invalid condition id : UX_CORESTACK_Condition cause : null
2025-09-29 12:01:29,862 [WARN] PackLoader:238 - Cannot read IP mode file for STMicroelectronics.X-CUBE-AZRTOS-WL.2.0.0
2025-09-29 12:01:29,862 [ERROR] Engine:463 - C:\Users\tri\.stm32cubemx\thirdparties\pdsc\STMicroelectronics.FP-SNS-MOTENV1.5.0.0.pdsc: PDSC version is not supported
2025-09-29 12:01:29,872 [WARN] PackLoader:238 - Cannot read IP mode file for STMicroelectronics.X-CUBE-BLE2.3.3.0
2025-09-29 12:01:29,872 [WARN] PackLoader:238 - Cannot read IP mode file for STMicroelectronics.X-CUBE-NFC9.1.0.0
2025-09-29 12:01:29,877 [WARN] PackLoader:238 - Cannot read IP mode file for wolfSSL.I-CUBE-wolfSSL.5.8.2
2025-09-29 12:01:29,877 [WARN] PackLoader:238 - Cannot read IP mode file for STMicroelectronics.X-CUBE-BLE1.7.1.0
2025-09-29 12:01:29,877 [WARN] PackLoader:238 - Cannot read IP mode file for wolfSSL.I-CUBE-wolfMQTT.1.19.2
2025-09-29 12:01:29,877 [WARN] PackLoader:238 - Cannot read IP mode file for STMicroelectronics.X-CUBE-EEPRMA1.5.2.0
2025-09-29 12:01:29,893 [WARN] PackLoader:238 - Cannot read IP mode file for STMicroelectronics.X-CUBE-AZRTOS-G0.1.1.0
2025-09-29 12:01:29,893 [WARN] PackLoader:238 - Cannot read IP mode file for STMicroelectronics.X-CUBE-SAFEA1.1.2.2
2025-09-29 12:01:29,893 [WARN] PackLoader:238 - Cannot read IP mode file for STMicroelectronics.X-CUBE-NFC4.3.0.0
2025-09-29 12:01:29,893 [ERROR] Engine:463 - C:\Users\tri\.stm32cubemx\thirdparties\pdsc\EmbeddedOffice.I-CUBE-FS-RTOS.1.0.1.pdsc: PDSC version is not supported
2025-09-29 12:01:29,909 [WARN] PackLoader:238 - Cannot read IP mode file for STMicroelectronics.X-CUBE-WB05N.2.0.0
2025-09-29 12:01:29,909 [WARN] PackLoader:238 - Cannot read IP mode file for wolfSSL.I-CUBE-wolfTPM.3.8.0
2025-09-29 12:01:29,909 [ERROR] Engine:463 - C:\Users\tri\.stm32cubemx\thirdparties\pdsc\STMicroelectronics.X-CUBE-TCPP.4.2.0.pdsc: PDSC version is not supported
2025-09-29 12:01:29,909 [ERROR] Engine:463 - C:\Users\tri\.stm32cubemx\thirdparties\pdsc\RealThread.X-CUBE-RT-Thread_Nano.4.1.1.pdsc: PDSC version is not supported
2025-09-29 12:01:29,909 [WARN] PackLoader:238 - Cannot read IP mode file for STMicroelectronics.FP-ATR-SIGFOX1.3.2.0
2025-09-29 12:01:29,909 [ERROR] Engine:463 - C:\Users\tri\.stm32cubemx\thirdparties\pdsc\ITTIA_DB.I-CUBE-ITTIADB.8.9.0.pdsc: PDSC version is not supported
2025-09-29 12:01:29,919 [ERROR] Engine:463 - C:\Users\tri\.stm32cubemx\thirdparties\pdsc\STMicroelectronics.X-CUBE-ST67W61.1.0.0.pdsc: PDSC version is not supported
2025-09-29 12:01:29,919 [WARN] PackLoader:238 - Cannot read IP mode file for STMicroelectronics.X-CUBE-AI.10.2.0
2025-09-29 12:01:29,941 [WARN] PackLoader:238 - Cannot read IP mode file for SEGGER.I-CUBE-embOS.1.3.1
2025-09-29 12:01:29,988 [WARN] PackLoader:238 - Cannot read IP mode file for STMicroelectronics.X-CUBE-ALGOBUILD.1.4.0
2025-09-29 12:01:30,020 [WARN] PackLoader:238 - Cannot read IP mode file for STMicroelectronics.X-CUBE-MEMS1.11.3.0
2025-09-29 12:01:30,127 [WARN] PackLoader:238 - Cannot read IP mode file for STMicroelectronics.X-CUBE-PM33A1.1.0.0
2025-09-29 12:01:30,140 [WARN] PackLoader:238 - Cannot read IP mode file for STMicroelectronics.X-CUBE-AZRTOS-F4.1.1.0
2025-09-29 12:01:30,144 [ERROR] Engine:463 - C:\Users\tri\.stm32cubemx\thirdparties\pdsc\Avnet-IotConnect.X-CUBE-IoTC-DA16k-PMOD.1.0.0.pdsc: PDSC version is not supported
2025-09-29 12:01:30,146 [WARN] PackLoader:238 - Cannot read IP mode file for STMicroelectronics.X-CUBE-ISPU.2.1.0
2025-09-29 12:01:30,149 [WARN] PackLoader:238 - Cannot read IP mode file for STMicroelectronics.X-CUBE-NFC12.1.0.0
2025-09-29 12:01:30,162 [WARN] PackLoader:238 - Cannot read IP mode file for STMicroelectronics.X-CUBE-AZRTOS-L5.2.0.0
2025-09-29 12:01:30,164 [WARN] PackLoader:238 - Cannot read IP mode file for STMicroelectronics.X-CUBE-NFC6.3.1.0
2025-09-29 12:01:30,164 [ERROR] Engine:463 - C:\Users\tri\.stm32cubemx\thirdparties\pdsc\STMicroelectronics.X-CUBE-FREERTOS.1.3.1.pdsc: PDSC version is not supported
2025-09-29 12:01:30,173 [ERROR] Engine:463 - C:\Users\tri\.stm32cubemx\thirdparties\pdsc\STMicroelectronics.FP-SNS-STAIOTCFT.1.0.0.pdsc: PDSC version is not supported
2025-09-29 12:01:30,173 [ERROR] Engine:463 - C:\Users\tri\.stm32cubemx\thirdparties\pdsc\STMicroelectronics.X-CUBE-DPower.1.3.0.pdsc: PDSC version is not supported
2025-09-29 12:01:30,194 [WARN] ConditionMgr:437 - getConditionDescription Invalid condition id : LAN8742 Phy interface Condition cause : null
2025-09-29 12:01:30,194 [WARN] PackLoader:238 - Cannot read IP mode file for STMicroelectronics.X-CUBE-AZRTOS-L4.2.0.0
2025-09-29 12:01:30,194 [WARN] ConditionMgr:1038 - genDependencies : Invalid condition id : LAN8742 Phy interface Condition cause : null
2025-09-29 12:01:30,194 [WARN] ConditionMgr:1038 - genDependencies : Invalid condition id : LAN8742 Phy interface Condition cause : null
2025-09-29 12:01:30,194 [WARN] ConditionMgr:1038 - genDependencies : Invalid condition id : LAN8742 Phy interface Condition cause : null
2025-09-29 12:01:30,202 [WARN] PackLoader:238 - Cannot read IP mode file for STMicroelectronics.X-CUBE-SFXS2LP1.4.0.0
2025-09-29 12:01:30,202 [ERROR] Engine:463 - C:\Users\tri\.stm32cubemx\thirdparties\pdsc\STMicroelectronics.X-CUBE-BLEMGR.4.1.0.pdsc: PDSC version is not supported
2025-09-29 12:01:30,212 [WARN] ConditionMgr:437 - getConditionDescription Invalid condition id : UX DEVICE CLASS RTOS Condition cause : null
2025-09-29 12:01:30,212 [WARN] ConditionMgr:437 - getConditionDescription Invalid condition id : UX DEVICE CLASS RTOS Condition cause : null
2025-09-29 12:01:30,212 [WARN] PackLoader:238 - Cannot read IP mode file for STMicroelectronics.X-CUBE-AZRTOS-WB.2.0.0
2025-09-29 12:01:30,214 [WARN] ConditionMgr:1038 - genDependencies : Invalid condition id : UX DEVICE CLASS RTOS Condition cause : null
2025-09-29 12:01:30,214 [WARN] ConditionMgr:1038 - genDependencies : Invalid condition id : UX DEVICE CLASS RTOS Condition cause : null
2025-09-29 12:01:30,214 [WARN] ConditionMgr:1038 - genDependencies : Invalid condition id : UX DEVICE CLASS RTOS Condition cause : null
2025-09-29 12:01:30,214 [WARN] ConditionMgr:1038 - genDependencies : Invalid condition id : UX DEVICE CLASS RTOS Condition cause : null
2025-09-29 12:01:30,214 [WARN] ConditionMgr:1038 - genDependencies : Invalid condition id : UX DEVICE CLASS RTOS Condition cause : null
2025-09-29 12:01:30,214 [WARN] PackLoader:238 - Cannot read IP mode file for STMicroelectronics.X-CUBE-GNSS1.7.0.1
2025-09-29 12:01:30,220 [WARN] PackLoader:238 - Cannot read IP mode file for STMicroelectronics.X-CUBE-TOUCHGFX.4.25.0
2025-09-29 12:01:30,220 [ERROR] Engine:463 - C:\Users\tri\.stm32cubemx\thirdparties\pdsc\quantropi.X-CUBE-qispace-sdk-base.2.1.0.pdsc: PDSC version is not supported
2025-09-29 12:01:30,226 [WARN] PackLoader:238 - Cannot read IP mode file for STMicroelectronics.X-CUBE-SUBG2.5.0.0
2025-09-29 12:01:30,242 [WARN] PackLoader:238 - Cannot read IP mode file for STMicroelectronics.X-CUBE-AZRTOS-H7RS.1.1.0
2025-09-29 12:01:30,242 [ERROR] Engine:463 - C:\Users\tri\.stm32cubemx\thirdparties\pdsc\Cesanta.I-CUBE-Mongoose.7.13.0.pdsc: PDSC version is not supported
2025-09-29 12:01:30,257 [WARN] PackLoader:238 - Cannot read IP mode file for STMicroelectronics.X-CUBE-AZRTOS-G4.2.0.0
2025-09-29 12:01:30,257 [WARN] PackLoader:238 - Cannot read IP mode file for wolfSSL.I-CUBE-wolfSSH.1.4.20
2025-09-29 12:01:30,268 [WARN] PackLoader:238 - Cannot read IP mode file for STMicroelectronics.X-CUBE-NFC7.2.0.0
2025-09-29 12:01:30,273 [ERROR] Engine:463 - C:\Users\tri\.stm32cubemx\thirdparties\pdsc\STMicroelectronics.X-CUBE-IPS.3.1.0.pdsc: PDSC version is not supported
2025-09-29 12:01:30,273 [ERROR] Engine:463 - C:\Users\tri\.stm32cubemx\thirdparties\pdsc\STMicroelectronics.X-CUBE-ALS.1.0.2.pdsc: PDSC version is not supported
2025-09-29 12:01:30,273 [WARN] PackLoader:238 - Cannot read IP mode file for STMicroelectronics.X-CUBE-STSE01.1.0.0
2025-09-29 12:01:30,291 [ERROR] Engine:463 - C:\Users\tri\.stm32cubemx\thirdparties\pdsc\STMicroelectronics.X-CUBE-TOF1.3.4.3.pdsc: PDSC version is not supported
2025-09-29 12:01:30,291 [INFO] ThirdParty:915 - Integrity check success = true
2025-09-29 12:01:30,291 [INFO] IntegrityCheckThread:94 - exiting critical section [integrity check]
2025-09-29 12:01:30,291 [INFO] IntegrityCheckThread:97 - End integrity checks thread
2025-09-29 12:01:30,291 [INFO] ThirdParty:815 - entering critical section [close project]
2025-09-29 12:01:30,291 [INFO] ThirdParty:825 - exiting critical section [close project]
2025-09-29 12:01:30,291 [INFO] PinOutPanel:1463 - setPackage(No Configuration,No Configuration)
2025-09-29 12:01:30,291 [INFO] UtilMem:74 - Begin LoadConfig() Used Memory: 173531672 Bytes (268435456)
2025-09-29 12:01:30,291 [INFO] MicroXplorer:448 - Change Database Path : 
2025-09-29 12:01:30,291 [INFO] MicroXplorer:478 - Change Database Version : DB.6.0.30
2025-09-29 12:01:30,291 [INFO] OpenFileManager:313 - Change cursor
2025-09-29 12:01:30,700 [INFO] Context:592 - Trying to add GPIOservice into a context  which must be forbidden
2025-09-29 12:01:30,843 [WARN] ApiManager:304 - Cannot register API 'Board Extension:PM33A1' from pack STMicroelectronics.X-CUBE-PM33A1.1.0.0: no header file found
2025-09-29 12:01:30,843 [WARN] ApiManager:304 - Cannot register API 'Board Extension:NFC09A1' from pack STMicroelectronics.X-CUBE-NFC9.1.0.0: no header file found
2025-09-29 12:01:30,843 [WARN] ApiManager:304 - Cannot register API 'Wireless:BlueNRG-MS' from pack STMicroelectronics.X-CUBE-BLE1.7.1.0: no header file found
2025-09-29 12:01:30,843 [WARN] ApiManager:304 - Cannot register API 'Board Extension:EEPRMA2' from pack STMicroelectronics.X-CUBE-EEPRMA1.5.2.0: no header file found
2025-09-29 12:01:30,843 [WARN] ApiManager:304 - Cannot register API 'Board Extension:PGEEZ1' from pack STMicroelectronics.X-CUBE-EEPRMA1.5.2.0: no header file found
2025-09-29 12:01:30,843 [WARN] ApiManager:304 - Cannot register API 'Board Extension:EEICA1' from pack STMicroelectronics.X-CUBE-EEPRMA1.5.2.0: no header file found
2025-09-29 12:01:30,843 [WARN] ApiManager:304 - Cannot register API 'Board Part:M24' from pack STMicroelectronics.X-CUBE-EEPRMA1.5.2.0: no header file found
2025-09-29 12:01:30,843 [WARN] ApiManager:304 - Cannot register API 'Board Part:M95' from pack STMicroelectronics.X-CUBE-EEPRMA1.5.2.0: no header file found
2025-09-29 12:01:30,843 [WARN] ApiManager:304 - Cannot register API 'Board Part:M95P32' from pack STMicroelectronics.X-CUBE-EEPRMA1.5.2.0: no header file found
2025-09-29 12:01:30,843 [WARN] ApiManager:304 - Cannot register API 'Board Part:M24256E-F' from pack STMicroelectronics.X-CUBE-EEPRMA1.5.2.0: no header file found
2025-09-29 12:01:30,843 [WARN] ApiManager:304 - Cannot register API 'Board Part:M24M01E-F' from pack STMicroelectronics.X-CUBE-EEPRMA1.5.2.0: no header file found
2025-09-29 12:01:30,843 [WARN] ApiManager:304 - Cannot register API 'PGEEZ1:SPI' from pack STMicroelectronics.X-CUBE-EEPRMA1.5.2.0: no header file found
2025-09-29 12:01:30,843 [WARN] ApiManager:304 - Cannot register API 'PGEEZ1:QDSPI' from pack STMicroelectronics.X-CUBE-EEPRMA1.5.2.0: no header file found
2025-09-29 12:01:30,843 [WARN] ApiManager:304 - Cannot register API 'Board Extension:GNSS1A1' from pack STMicroelectronics.X-CUBE-GNSS1.7.0.1: no header file found
2025-09-29 12:01:30,843 [WARN] ApiManager:304 - Cannot register API 'Board Support:Custom' from pack STMicroelectronics.X-CUBE-GNSS1.7.0.1: no header file found
2025-09-29 12:01:30,843 [WARN] ApiManager:304 - Cannot register API 'Data Exchange:lib_gnss' from pack STMicroelectronics.X-CUBE-GNSS1.7.0.1: no header file found
2025-09-29 12:01:30,843 [WARN] ApiManager:304 - Cannot register API 'Board Extension:NFC12A1' from pack STMicroelectronics.X-CUBE-NFC12.1.0.0: no header file found
2025-09-29 12:01:30,863 [WARN] ApiManager:304 - Cannot register API 'Board Extension:NFC06A1' from pack STMicroelectronics.X-CUBE-NFC6.3.1.0: no header file found
2025-09-29 12:01:30,863 [WARN] ApiManager:304 - Cannot register API 'Board Extension:NFC08A1' from pack STMicroelectronics.X-CUBE-NFC6.3.1.0: no header file found
2025-09-29 12:01:30,865 [INFO] RtosManager:484 - Registered RTOS mode: class=CMSIS, group=RTOS, mode=CMSIS_V1, owner=FREERTOS
2025-09-29 12:01:30,865 [INFO] RtosManager:484 - Registered RTOS mode: class=CMSIS, group=RTOS2, mode=CMSIS_V2, owner=FREERTOS
2025-09-29 12:01:30,865 [INFO] RtosManager:484 - Registered RTOS mode: class=RTOS, group=Core, mode=CMSIS_V1, owner=FREERTOS
2025-09-29 12:01:30,865 [INFO] RtosManager:484 - Registered RTOS mode: class=RTOS, group=Core, mode=CMSIS_V2, owner=FREERTOS
2025-09-29 12:01:30,865 [WARN] ModelIntegratedComponent:181 - Missing modes for component STMicroelectronics:FreeRTOS:0.0.1:STMicroelectronics:RTOS:FreeRTOS:Core:::10.2.0:
2025-09-29 12:01:30,865 [WARN] ApiManager:304 - Cannot register API 'Board Extension:STSAFEA1' from pack STMicroelectronics.X-CUBE-SAFEA1.1.2.2: no header file found
2025-09-29 12:01:30,865 [WARN] ApiManager:304 - Cannot register API 'Board Part:STSAFEA110' from pack STMicroelectronics.X-CUBE-SAFEA1.1.2.2: no header file found
2025-09-29 12:01:30,865 [WARN] ApiManager:304 - Cannot register API 'Security:ST_Cryptolib' from pack STMicroelectronics.X-CUBE-SAFEA1.1.2.2: no header file found
2025-09-29 12:01:30,865 [WARN] ApiManager:304 - Cannot register API 'Security:MbedTLS' from pack STMicroelectronics.X-CUBE-SAFEA1.1.2.2: no header file found
2025-09-29 12:01:30,867 [WARN] ApiManager:304 - Cannot register API 'Board Extension:NFC04A1' from pack STMicroelectronics.X-CUBE-NFC4.3.0.0: no header file found
2025-09-29 12:01:30,869 [WARN] ApiManager:304 - Cannot register API 'Board Extension:S2868A1' from pack STMicroelectronics.X-CUBE-SUBG2.5.0.0: no header file found
2025-09-29 12:01:30,869 [WARN] ApiManager:304 - Cannot register API 'Board Extension:S2868A2' from pack STMicroelectronics.X-CUBE-SUBG2.5.0.0: no header file found
2025-09-29 12:01:30,869 [WARN] ApiManager:304 - Cannot register API 'Board Extension:S2915A1' from pack STMicroelectronics.X-CUBE-SUBG2.5.0.0: no header file found
2025-09-29 12:01:30,869 [WARN] ApiManager:304 - Cannot register API 'Wireless:STM32WB05N' from pack STMicroelectronics.X-CUBE-WB05N.2.0.0: no header file found
2025-09-29 12:01:30,869 [WARN] ApiManager:304 - Cannot register API 'Board Extension:NFC07A1' from pack STMicroelectronics.X-CUBE-NFC7.2.0.0: no header file found
2025-09-29 12:01:30,875 [WARN] ApiManager:304 - Cannot register API 'Board Extension:NFC10A1' from pack STMicroelectronics.X-CUBE-NFC10.1.0.0: no header file found
2025-09-29 12:01:30,875 [WARN] ModelIntegratedComponent:60 - No mode defined for component null
2025-09-29 12:01:30,875 [WARN] ModelIntegratedComponent:60 - No mode defined for component null
2025-09-29 12:01:30,875 [WARN] ModelIntegratedComponent:60 - No mode defined for component null
2025-09-29 12:01:30,875 [WARN] ModelIntegratedComponent:60 - No mode defined for component null
2025-09-29 12:01:30,875 [WARN] ModelIntegratedComponent:60 - No mode defined for component null
2025-09-29 12:01:30,875 [WARN] ModelIntegratedComponent:60 - No mode defined for component null
2025-09-29 12:01:30,875 [WARN] ModelIntegratedComponent:60 - No mode defined for component null
2025-09-29 12:01:30,875 [WARN] ModelIntegratedComponent:60 - No mode defined for component null
2025-09-29 12:01:30,875 [WARN] ModelIntegratedComponent:60 - No mode defined for component null
2025-09-29 12:01:30,875 [WARN] ModelIntegratedComponent:60 - No mode defined for component null
2025-09-29 12:01:30,875 [WARN] ModelIntegratedComponent:60 - No mode defined for component null
2025-09-29 12:01:30,875 [WARN] ModelIntegratedComponent:60 - No mode defined for component null
2025-09-29 12:01:30,875 [WARN] ModelIntegratedComponent:60 - No mode defined for component null
2025-09-29 12:01:30,875 [WARN] ModelIntegratedComponent:60 - No mode defined for component null
2025-09-29 12:01:30,875 [WARN] ModelIntegratedComponent:60 - No mode defined for component null
2025-09-29 12:01:30,875 [WARN] ModelIntegratedComponent:60 - No mode defined for component null
2025-09-29 12:01:30,875 [WARN] ModelIntegratedComponent:60 - No mode defined for component null
2025-09-29 12:01:30,875 [WARN] ModelIntegratedComponent:60 - No mode defined for component null
2025-09-29 12:01:30,875 [WARN] ModelIntegratedComponent:60 - No mode defined for component null
2025-09-29 12:01:30,875 [WARN] ModelIntegratedComponent:60 - No mode defined for component null
2025-09-29 12:01:30,875 [WARN] ModelIntegratedComponent:60 - No mode defined for component null
2025-09-29 12:01:30,875 [WARN] ModelIntegratedComponent:60 - No mode defined for component null
2025-09-29 12:01:30,875 [WARN] ModelIntegratedComponent:60 - No mode defined for component null
2025-09-29 12:01:30,875 [WARN] ModelIntegratedComponent:60 - No mode defined for component null
2025-09-29 12:01:30,875 [WARN] ModelIntegratedComponent:60 - No mode defined for component null
2025-09-29 12:01:30,875 [WARN] ModelIntegratedComponent:60 - No mode defined for component null
2025-09-29 12:01:30,875 [WARN] ModelIntegratedComponent:60 - No mode defined for component null
2025-09-29 12:01:30,875 [WARN] ModelIntegratedComponent:60 - No mode defined for component null
2025-09-29 12:01:30,875 [WARN] ModelIntegratedComponent:60 - No mode defined for component null
2025-09-29 12:01:30,875 [WARN] ModelIntegratedComponent:60 - No mode defined for component null
2025-09-29 12:01:30,875 [WARN] ModelIntegratedComponent:60 - No mode defined for component null
2025-09-29 12:01:30,875 [WARN] ApiManager:304 - Cannot register API 'Board Extension:SAFEA1' from pack STMicroelectronics.X-CUBE-STSE01.1.0.0: no header file found
2025-09-29 12:01:30,875 [WARN] ApiManager:304 - Cannot register API 'Board Extension:ESE01A1' from pack STMicroelectronics.X-CUBE-STSE01.1.0.0: no header file found
2025-09-29 12:01:30,875 [WARN] ApiManager:304 - Cannot register API 'Board Part:STSAFEA110' from pack STMicroelectronics.X-CUBE-STSE01.1.0.0: no header file found
2025-09-29 12:01:30,875 [WARN] ApiManager:304 - Cannot register API 'Board Part:STSAFEA120' from pack STMicroelectronics.X-CUBE-STSE01.1.0.0: no header file found
2025-09-29 12:01:30,875 [WARN] ApiManager:304 - Cannot register API 'Security:STM32_Cryptographic' from pack STMicroelectronics.X-CUBE-STSE01.1.0.0: no header file found
2025-09-29 12:01:30,875 [WARN] ApiManager:304 - Cannot register API 'Security:STSELib' from pack STMicroelectronics.X-CUBE-STSE01.1.0.0: no header file found
2025-09-29 12:01:30,985 [WARN] ApiManager:304 - Cannot register API 'Board Extension:IKS01A3' from pack STMicroelectronics.X-CUBE-MEMS1.11.3.0: no header file found
2025-09-29 12:01:30,985 [WARN] ApiManager:304 - Cannot register API 'Board Extension:IKS02A1' from pack STMicroelectronics.X-CUBE-MEMS1.11.3.0: no header file found
2025-09-29 12:01:30,985 [WARN] ApiManager:304 - Cannot register API 'Board Extension:IKS4A1' from pack STMicroelectronics.X-CUBE-MEMS1.11.3.0: no header file found
2025-09-29 12:01:30,985 [WARN] ApiManager:304 - Cannot register API 'Board Extension:S2868A1' from pack STMicroelectronics.X-CUBE-SFXS2LP1.4.0.0: no header file found
2025-09-29 12:01:30,985 [WARN] ApiManager:304 - Cannot register API 'Board Extension:S2868A2' from pack STMicroelectronics.X-CUBE-SFXS2LP1.4.0.0: no header file found
2025-09-29 12:01:30,985 [WARN] ApiManager:304 - Cannot register API 'Board Extension:S2915A1' from pack STMicroelectronics.X-CUBE-SFXS2LP1.4.0.0: no header file found
2025-09-29 12:01:30,985 [WARN] ApiManager:304 - Cannot register API 'Wireless:BlueNRG-2' from pack STMicroelectronics.X-CUBE-BLE2.3.3.0: no header file found
2025-09-29 12:01:32,138 [INFO] UtilMem:74 - End LoadConfig() Used Memory: 171900320 Bytes (300941312)
2025-09-29 12:01:32,155 [INFO] DbMcusXml:100 - Load MCU database from D:\STM32CubeIDE_1.7.0\STM32CubeIDE\plugins\com.st.stm32cube.common.mx_6.3.0.202107141111\\db\/mcu/families.xml
2025-09-29 12:01:32,616 [INFO] DbMcusJson:93 - JSON generation date=Tue Nov 16 23:17:54 ICT 2021 (1637079474)
2025-09-29 12:01:32,977 [INFO] DbMcus:175 - Found 1951 MCUs (1903 are supported by CubeMX, 1914 are visible in CubeMX)
2025-09-29 12:01:32,977 [INFO] ApiDb:251 - Load user favorites file C:\Users\tri/.stm32cubeide/favorites.mcus.txt: 0 item(s)
2025-09-29 12:01:32,977 [INFO] ApiDb:255 - User favorites MCUs=[]
2025-09-29 12:01:32,977 [INFO] DbMcus:187 - Set 0 / 0 favorites MCUs
2025-09-29 12:01:32,977 [WARN] ThirdParty:779 - waiting for thirdparty lock release [change project]
2025-09-29 12:01:32,977 [INFO] ThirdParty:781 - entering critical section [change project]
2025-09-29 12:01:32,977 [INFO] ThirdParty:967 - CMSIS Pack Vendor :STMicroelectronics X-CUBE-PM33A1 1.0.0
2025-09-29 12:01:32,977 [INFO] ThirdParty:967 - CMSIS Pack Vendor :STMicroelectronics X-CUBE-NFC9 1.0.0
2025-09-29 12:01:32,977 [INFO] ThirdParty:967 - CMSIS Pack Vendor :STMicroelectronics USB_HOST 2.0.0
2025-09-29 12:01:32,977 [INFO] ThirdParty:967 - CMSIS Pack Vendor :STMicroelectronics X-CUBE-AZRTOS-F4 1.1.0
2025-09-29 12:01:32,977 [INFO] ThirdParty:967 - CMSIS Pack Vendor :STMicroelectronics FP-ATR-ASTRA1 2.0.2
2025-09-29 12:01:32,977 [INFO] ThirdParty:967 - CMSIS Pack Vendor :wolfSSL I-CUBE-wolfSSL 5.8.2
2025-09-29 12:01:32,977 [INFO] ThirdParty:967 - CMSIS Pack Vendor :STMicroelectronics X-CUBE-BLE1 7.1.0
2025-09-29 12:01:32,977 [INFO] ThirdParty:967 - CMSIS Pack Vendor :wolfSSL I-CUBE-wolfMQTT 1.19.2
2025-09-29 12:01:32,977 [INFO] ThirdParty:967 - CMSIS Pack Vendor :STMicroelectronics USB_DEVICE 3.0.0
2025-09-29 12:01:32,977 [INFO] ThirdParty:967 - CMSIS Pack Vendor :STMicroelectronics X-CUBE-ISPU 2.1.0
2025-09-29 12:01:32,977 [INFO] ThirdParty:967 - CMSIS Pack Vendor :STMicroelectronics X-CUBE-EEPRMA1 5.2.0
2025-09-29 12:01:32,977 [INFO] ThirdParty:967 - CMSIS Pack Vendor :STMicroelectronics X-CUBE-AZRTOS-WB 2.0.0
2025-09-29 12:01:32,977 [INFO] ThirdParty:967 - CMSIS Pack Vendor :STMicroelectronics X-CUBE-GNSS1 7.0.1
2025-09-29 12:01:32,977 [INFO] ThirdParty:967 - CMSIS Pack Vendor :STMicroelectronics X-CUBE-NFC12 1.0.0
2025-09-29 12:01:32,977 [INFO] ThirdParty:967 - CMSIS Pack Vendor :STMicroelectronics X-CUBE-AZRTOS-F7 1.1.0
2025-09-29 12:01:32,977 [INFO] ThirdParty:967 - CMSIS Pack Vendor :STMicroelectronics X-CUBE-AZRTOS-L5 2.0.0
2025-09-29 12:01:32,977 [INFO] ThirdParty:967 - CMSIS Pack Vendor :STMicroelectronics X-CUBE-TOUCHGFX 4.25.0
2025-09-29 12:01:32,977 [INFO] ThirdParty:967 - CMSIS Pack Vendor :STMicroelectronics USB_DEVICE 2.0.0
2025-09-29 12:01:32,977 [INFO] ThirdParty:967 - CMSIS Pack Vendor :STMicroelectronics X-CUBE-NFC6 3.1.0
2025-09-29 12:01:32,977 [INFO] ThirdParty:967 - CMSIS Pack Vendor :STMicroelectronics FreeRTOS 0.0.1
2025-09-29 12:01:32,977 [INFO] ThirdParty:967 - CMSIS Pack Vendor :STMicroelectronics X-CUBE-AZRTOS-G0 1.1.0
2025-09-29 12:01:32,977 [INFO] ThirdParty:967 - CMSIS Pack Vendor :STMicroelectronics X-CUBE-SAFEA1 1.2.2
2025-09-29 12:01:32,977 [INFO] ThirdParty:967 - CMSIS Pack Vendor :STMicroelectronics X-CUBE-NFC4 3.0.0
2025-09-29 12:01:32,977 [INFO] ThirdParty:967 - CMSIS Pack Vendor :STMicroelectronics X-CUBE-SUBG2 5.0.0
2025-09-29 12:01:32,977 [INFO] ThirdParty:967 - CMSIS Pack Vendor :STMicroelectronics X-CUBE-AZRTOS-H7RS 1.1.0
2025-09-29 12:01:32,977 [INFO] ThirdParty:967 - CMSIS Pack Vendor :STMicroelectronics lwIP 2.0.3
2025-09-29 12:01:32,977 [INFO] ThirdParty:967 - CMSIS Pack Vendor :STMicroelectronics USB_HOST 1.0.0
2025-09-29 12:01:32,977 [INFO] ThirdParty:967 - CMSIS Pack Vendor :STMicroelectronics X-CUBE-AZRTOS-G4 2.0.0
2025-09-29 12:01:32,977 [INFO] ThirdParty:967 - CMSIS Pack Vendor :STMicroelectronics X-CUBE-WB05N 2.0.0
2025-09-29 12:01:32,977 [INFO] ThirdParty:967 - CMSIS Pack Vendor :STMicroelectronics PDM2PCM 3.1.0
2025-09-29 12:01:32,977 [INFO] ThirdParty:967 - CMSIS Pack Vendor :STMicroelectronics PDM2PCM 3.3.0
2025-09-29 12:01:32,977 [INFO] ThirdParty:967 - CMSIS Pack Vendor :wolfSSL I-CUBE-wolfTPM 3.8.0
2025-09-29 12:01:32,977 [INFO] ThirdParty:967 - CMSIS Pack Vendor :STMicroelectronics X-CUBE-AZRTOS-H7 3.4.0
2025-09-29 12:01:32,977 [INFO] ThirdParty:967 - CMSIS Pack Vendor :wolfSSL I-CUBE-wolfSSH 1.4.20
2025-09-29 12:01:32,977 [INFO] ThirdParty:967 - CMSIS Pack Vendor :STMicroelectronics X-CUBE-NFC7 2.0.0
2025-09-29 12:01:32,977 [INFO] ThirdParty:967 - CMSIS Pack Vendor :STMicroelectronics FP-ATR-SIGFOX1 3.2.0
2025-09-29 12:01:32,977 [INFO] ThirdParty:967 - CMSIS Pack Vendor :STMicroelectronics X-CUBE-NFC10 1.0.0
2025-09-29 12:01:32,977 [INFO] ThirdParty:967 - CMSIS Pack Vendor :STMicroelectronics HAL Drivers 0.0.0
2025-09-29 12:01:32,977 [INFO] ThirdParty:967 - CMSIS Pack Vendor :STMicroelectronics MBEDTLS 2.16.2
2025-09-29 12:01:32,977 [INFO] ThirdParty:967 - CMSIS Pack Vendor :STMicroelectronics MBEDTLS 2.14.1
2025-09-29 12:01:32,977 [INFO] ThirdParty:967 - CMSIS Pack Vendor :STMicroelectronics X-CUBE-STSE01 1.0.0
2025-09-29 12:01:32,977 [INFO] ThirdParty:967 - CMSIS Pack Vendor :STMicroelectronics X-CUBE-AI 10.2.0
2025-09-29 12:01:32,977 [INFO] ThirdParty:967 - CMSIS Pack Vendor :STMicroelectronics X-CUBE-AZRTOS-WL 2.0.0
2025-09-29 12:01:32,977 [INFO] ThirdParty:967 - CMSIS Pack Vendor :SEGGER I-CUBE-embOS 1.3.1
2025-09-29 12:01:32,977 [INFO] ThirdParty:967 - CMSIS Pack Vendor :STMicroelectronics X-CUBE-ALGOBUILD 1.4.0
2025-09-29 12:01:32,977 [INFO] ThirdParty:967 - CMSIS Pack Vendor :STMicroelectronics X-CUBE-MEMS1 11.3.0
2025-09-29 12:01:32,977 [INFO] ThirdParty:967 - CMSIS Pack Vendor :STMicroelectronics USB_DEVICE 1.0.0
2025-09-29 12:01:32,977 [INFO] ThirdParty:967 - CMSIS Pack Vendor :STMicroelectronics X-CUBE-AZRTOS-L4 2.0.0
2025-09-29 12:01:32,977 [INFO] ThirdParty:967 - CMSIS Pack Vendor :STMicroelectronics ThreadX 0.0.2
2025-09-29 12:01:32,977 [INFO] ThirdParty:967 - CMSIS Pack Vendor :STMicroelectronics lwIP 2.1.2
2025-09-29 12:01:32,977 [INFO] ThirdParty:967 - CMSIS Pack Vendor :STMicroelectronics X-CUBE-SFXS2LP1 4.0.0
2025-09-29 12:01:32,977 [INFO] ThirdParty:967 - CMSIS Pack Vendor :STMicroelectronics X-CUBE-BLE2 3.3.0
2025-09-29 12:01:32,977 [INFO] ThirdParty:967 - CMSIS Pack Vendor :STMicroelectronics PDM2PCM 3.2.0
2025-09-29 12:01:32,977 [INFO] ThirdParty:787 - exiting critical section [change project]
2025-09-29 12:01:33,136 [INFO] PinOutPanel:1463 - setPackage(No Configuration,No Configuration)
2025-09-29 12:01:33,136 [INFO] PinOutPanel:1463 - setPackage(STM32F103C6Ux,UFQFPN48)
2025-09-29 12:01:33,326 [INFO] UtilMem:74 - Before build in PCC Used Memory: 298432408 Bytes (450887680)
2025-09-29 12:01:33,689 [INFO] UtilMem:74 - After build in PCC Used Memory: 303595184 Bytes (450887680)
2025-09-29 12:01:33,705 [INFO] IPUIPlugin:74 - create IPUIPlugin
2025-09-29 12:01:33,705 [INFO] IPUIPlugin:74 - create IPUIPlugin
2025-09-29 12:01:33,705 [INFO] IPUIPlugin:74 - create IPUIPlugin
2025-09-29 12:01:33,705 [INFO] IPUIPlugin:74 - create IPUIPlugin
2025-09-29 12:01:33,705 [INFO] IPUIPlugin:74 - create IPUIPlugin
2025-09-29 12:01:33,705 [INFO] IPUIPlugin:74 - create IPUIPlugin
2025-09-29 12:01:33,705 [INFO] IPUIPlugin:74 - create IPUIPlugin
2025-09-29 12:01:33,705 [INFO] IPUIPlugin:74 - create IPUIPlugin
2025-09-29 12:01:33,705 [INFO] IPUIPlugin:74 - create IPUIPlugin
2025-09-29 12:01:33,705 [INFO] IPUIPlugin:74 - create IPUIPlugin
2025-09-29 12:01:33,705 [INFO] IPUIPlugin:74 - create IPUIPlugin
2025-09-29 12:01:33,705 [INFO] IPUIPlugin:74 - create IPUIPlugin
2025-09-29 12:01:33,705 [INFO] IPUIPlugin:74 - create IPUIPlugin
2025-09-29 12:01:33,705 [INFO] IPUIPlugin:74 - create IPUIPlugin
2025-09-29 12:01:33,705 [INFO] IPUIPlugin:74 - create IPUIPlugin
2025-09-29 12:01:33,705 [INFO] IPUIPlugin:74 - create IPUIPlugin
2025-09-29 12:01:33,705 [INFO] IPUIPlugin:74 - create IPUIPlugin
2025-09-29 12:01:33,705 [INFO] IPUIPlugin:74 - create IPUIPlugin
2025-09-29 12:01:33,705 [INFO] IPUIPlugin:74 - create IPUIPlugin
2025-09-29 12:01:33,705 [INFO] IPUIPlugin:74 - create IPUIPlugin
2025-09-29 12:01:33,705 [INFO] IPUIPlugin:74 - create IPUIPlugin
2025-09-29 12:01:33,705 [INFO] IPUIPlugin:74 - create IPUIPlugin
2025-09-29 12:01:33,705 [INFO] IPUIPlugin:74 - create IPUIPlugin
2025-09-29 12:01:33,768 [INFO] OpenFileManager:333 - Restore cursor
2025-09-29 12:02:17,628 [INFO] DbMcusDocs:143 - JSON generation date=Tue Nov 16 23:17:54 ICT 2021 (1637079474)
2025-09-29 12:02:17,828 [INFO] DbMcusDocs:79 - Found 682 MCUs documents
2025-09-29 12:02:27,121 [INFO] NvicIntPanel:96 - NVIC parent = com.st.microxplorer.plugins.ip.nvic.MultiNvicIntPanel[,0,0,0x0,invalid,layout=javax.swing.BoxLayout,alignmentX=0.0,alignmentY=0.0,border=,flags=9,maximumSize=,minimumSize=,preferredSize=]
2025-09-29 12:03:06,087 [INFO] UtilMem:74 - End SaveConfig() Used Memory: 957895200 Bytes (1029701632)
2025-09-29 12:03:06,318 [INFO] BlockDiagram:2740 - set Specific Code input for plugin: NVIC
2025-09-29 12:03:06,318 [INFO] BlockDiagram:2740 - set Specific Code input for plugin: SYS
2025-09-29 12:03:06,318 [INFO] BlockDiagram:2740 - set Specific Code input for plugin: GPIO
2025-09-29 12:03:06,318 [INFO] BlockDiagram:2740 - set Specific Code input for plugin: RCC
2025-09-29 12:03:06,318 [INFO] BlockDiagram:2740 - set Specific Code input for plugin: TIM1_8F1
2025-09-29 12:03:06,319 [INFO] CodeGenerator:663 - code generatio: config db path: D:\STM32CubeIDE_1.7.0\STM32CubeIDE\plugins\com.st.stm32cube.common.mx_6.3.0.202107141111\\db\
2025-09-29 12:03:06,769 [INFO] CodeEngine:239 - oldGeneratedFile, D:\GIT_LAB2\LAB2_Exercise\MXTmpFiles\license.tmp_save
2025-09-29 12:03:06,952 [INFO] CodeEngine:257 - Generated code: D:\GIT_LAB2\LAB2_Exercise\MXTmpFiles\license.tmp
2025-09-29 12:03:07,027 [INFO] CodeEngine:239 - oldGeneratedFile, D:\GIT_LAB2\LAB2_Exercise\MXTmpFiles\gpio.tmp_save
2025-09-29 12:03:07,096 [INFO] CodeEngine:257 - Generated code: D:\GIT_LAB2\LAB2_Exercise\MXTmpFiles\gpio.tmp
2025-09-29 12:03:07,211 [INFO] CodeEngine:239 - oldGeneratedFile, D:\GIT_LAB2\LAB2_Exercise\Core\Src\stm32f1xx_it.c_save
2025-09-29 12:03:07,307 [INFO] CodeEngine:257 - Generated code: D:\GIT_LAB2\LAB2_Exercise\Core\Src\stm32f1xx_it.c
2025-09-29 12:03:07,311 [INFO] CodeEngine:239 - oldGeneratedFile, D:\GIT_LAB2\LAB2_Exercise\Core\Inc\stm32f1xx_it.h_save
2025-09-29 12:03:07,356 [INFO] CodeEngine:257 - Generated code: D:\GIT_LAB2\LAB2_Exercise\Core\Inc\stm32f1xx_it.h
2025-09-29 12:03:07,372 [INFO] CodeEngine:239 - oldGeneratedFile, D:\GIT_LAB2\LAB2_Exercise\Core\Src\stm32f1xx_hal_msp.c_save
2025-09-29 12:03:07,455 [INFO] CodeEngine:257 - Generated code: D:\GIT_LAB2\LAB2_Exercise\Core\Src\stm32f1xx_hal_msp.c
2025-09-29 12:03:07,457 [INFO] CodeEngine:239 - oldGeneratedFile, D:\GIT_LAB2\LAB2_Exercise\MXTmpFiles\system.tmp_save
2025-09-29 12:03:07,492 [INFO] CodeEngine:257 - Generated code: D:\GIT_LAB2\LAB2_Exercise\MXTmpFiles\system.tmp
2025-09-29 12:03:07,506 [INFO] CodeEngine:239 - oldGeneratedFile, D:\GIT_LAB2\LAB2_Exercise\Core\Inc\stm32f1xx_hal_conf.h_save
2025-09-29 12:03:07,575 [INFO] CodeEngine:257 - Generated code: D:\GIT_LAB2\LAB2_Exercise\Core\Inc\stm32f1xx_hal_conf.h
2025-09-29 12:03:07,597 [WARN] IPConfigManager:3148 - IP not found : TIM
2025-09-29 12:03:07,598 [WARN] CodeGenerator:3268 - IP not found : null
2025-09-29 12:03:07,611 [INFO] CodeEngine:239 - oldGeneratedFile, D:\GIT_LAB2\LAB2_Exercise\Core\Inc\main.h_save
2025-09-29 12:03:07,677 [INFO] CodeEngine:257 - Generated code: D:\GIT_LAB2\LAB2_Exercise\Core\Inc\main.h
2025-09-29 12:03:07,692 [INFO] CodeEngine:239 - oldGeneratedFile, D:\GIT_LAB2\LAB2_Exercise\Core\Src\main.c_save
2025-09-29 12:03:07,781 [INFO] CodeEngine:257 - Generated code: D:\GIT_LAB2\LAB2_Exercise\Core\Src\main.c
2025-09-29 12:03:08,492 [INFO] ProjectBuilder:2578 - Time for Copy HAL[1] : 59mS.
2025-09-29 12:03:08,495 [INFO] ProjectBuilder:3622 - Project Generator version: 3.14.1
2025-09-29 12:03:09,008 [INFO] ConfigFileManager:1271 - The Die is : DIE412
2025-09-29 12:03:09,018 [INFO] ApiDbMcu:468 - Load IP Config File for FATFS
2025-09-29 12:03:09,033 [INFO] ApiDbMcu:468 - Load IP Config File for FREERTOS
2025-09-29 12:03:09,047 [INFO] ApiDbMcu:468 - Load IP Config File for USB_DEVICE
2025-09-29 12:03:10,762 [INFO] ProjectBuilder:3789 - Time for Generating toolchain IDE Files: 2266mS.
2025-09-29 12:03:10,762 [INFO] ProjectBuilder:2457 - Time for Copy CMSIS : 0mS.
2025-09-29 12:03:10,763 [INFO] ProjectBuilder:2457 - Time for Copy CMSIS : 0mS.
2025-09-29 12:05:37,916 [INFO] UtilMem:74 - End SaveConfig() Used Memory: 905278048 Bytes (1073741824)
2025-09-29 12:05:38,064 [INFO] BlockDiagram:2740 - set Specific Code input for plugin: NVIC
2025-09-29 12:05:38,064 [INFO] BlockDiagram:2740 - set Specific Code input for plugin: SYS
2025-09-29 12:05:38,064 [INFO] BlockDiagram:2740 - set Specific Code input for plugin: GPIO
2025-09-29 12:05:38,064 [INFO] BlockDiagram:2740 - set Specific Code input for plugin: RCC
2025-09-29 12:05:38,064 [INFO] BlockDiagram:2740 - set Specific Code input for plugin: TIM1_8F1
2025-09-29 12:05:38,065 [INFO] CodeGenerator:663 - code generatio: config db path: D:\STM32CubeIDE_1.7.0\STM32CubeIDE\plugins\com.st.stm32cube.common.mx_6.3.0.202107141111\\db\
2025-09-29 12:05:38,230 [INFO] CodeEngine:239 - oldGeneratedFile, D:\GIT_LAB2\LAB2_Exercise\MXTmpFiles\license.tmp_save
2025-09-29 12:05:38,273 [INFO] CodeEngine:257 - Generated code: D:\GIT_LAB2\LAB2_Exercise\MXTmpFiles\license.tmp
2025-09-29 12:05:38,306 [INFO] CodeEngine:239 - oldGeneratedFile, D:\GIT_LAB2\LAB2_Exercise\MXTmpFiles\gpio.tmp_save
2025-09-29 12:05:38,345 [INFO] CodeEngine:257 - Generated code: D:\GIT_LAB2\LAB2_Exercise\MXTmpFiles\gpio.tmp
2025-09-29 12:05:38,391 [INFO] CodeEngine:239 - oldGeneratedFile, D:\GIT_LAB2\LAB2_Exercise\Core\Src\stm32f1xx_it.c_save
2025-09-29 12:05:38,438 [INFO] CodeEngine:257 - Generated code: D:\GIT_LAB2\LAB2_Exercise\Core\Src\stm32f1xx_it.c
2025-09-29 12:05:38,440 [INFO] CodeEngine:239 - oldGeneratedFile, D:\GIT_LAB2\LAB2_Exercise\Core\Inc\stm32f1xx_it.h_save
2025-09-29 12:05:38,470 [INFO] CodeEngine:257 - Generated code: D:\GIT_LAB2\LAB2_Exercise\Core\Inc\stm32f1xx_it.h
2025-09-29 12:05:38,481 [INFO] CodeEngine:239 - oldGeneratedFile, D:\GIT_LAB2\LAB2_Exercise\Core\Src\stm32f1xx_hal_msp.c_save
2025-09-29 12:05:38,543 [INFO] CodeEngine:257 - Generated code: D:\GIT_LAB2\LAB2_Exercise\Core\Src\stm32f1xx_hal_msp.c
2025-09-29 12:05:38,545 [INFO] CodeEngine:239 - oldGeneratedFile, D:\GIT_LAB2\LAB2_Exercise\MXTmpFiles\system.tmp_save
2025-09-29 12:05:38,571 [INFO] CodeEngine:257 - Generated code: D:\GIT_LAB2\LAB2_Exercise\MXTmpFiles\system.tmp
2025-09-29 12:05:38,581 [INFO] CodeEngine:239 - oldGeneratedFile, D:\GIT_LAB2\LAB2_Exercise\Core\Inc\stm32f1xx_hal_conf.h_save
2025-09-29 12:05:38,642 [INFO] CodeEngine:257 - Generated code: D:\GIT_LAB2\LAB2_Exercise\Core\Inc\stm32f1xx_hal_conf.h
2025-09-29 12:05:38,655 [WARN] IPConfigManager:3148 - IP not found : TIM
2025-09-29 12:05:38,655 [WARN] CodeGenerator:3268 - IP not found : null
2025-09-29 12:05:38,666 [INFO] CodeEngine:239 - oldGeneratedFile, D:\GIT_LAB2\LAB2_Exercise\Core\Inc\main.h_save
2025-09-29 12:05:38,713 [INFO] CodeEngine:257 - Generated code: D:\GIT_LAB2\LAB2_Exercise\Core\Inc\main.h
2025-09-29 12:05:38,724 [INFO] CodeEngine:239 - oldGeneratedFile, D:\GIT_LAB2\LAB2_Exercise\Core\Src\main.c_save
2025-09-29 12:05:38,785 [INFO] CodeEngine:257 - Generated code: D:\GIT_LAB2\LAB2_Exercise\Core\Src\main.c
2025-09-29 12:05:39,440 [INFO] ProjectBuilder:2578 - Time for Copy HAL[1] : 31mS.
2025-09-29 12:05:39,442 [INFO] ProjectBuilder:3622 - Project Generator version: 3.14.1
2025-09-29 12:05:39,698 [INFO] ConfigFileManager:1271 - The Die is : DIE412
2025-09-29 12:05:40,753 [INFO] ProjectBuilder:3789 - Time for Generating toolchain IDE Files: 1310mS.
2025-09-29 12:05:40,753 [INFO] ProjectBuilder:2457 - Time for Copy CMSIS : 0mS.
2025-09-29 12:05:40,754 [INFO] ProjectBuilder:2457 - Time for Copy CMSIS : 0mS.
2025-09-29 12:07:03,229 [INFO] UtilMem:74 - End SaveConfig() Used Memory: 898787360 Bytes (1073741824)
2025-09-29 12:07:03,397 [INFO] BlockDiagram:2740 - set Specific Code input for plugin: NVIC
2025-09-29 12:07:03,397 [INFO] BlockDiagram:2740 - set Specific Code input for plugin: SYS
2025-09-29 12:07:03,397 [INFO] BlockDiagram:2740 - set Specific Code input for plugin: GPIO
2025-09-29 12:07:03,397 [INFO] BlockDiagram:2740 - set Specific Code input for plugin: RCC
2025-09-29 12:07:03,397 [INFO] BlockDiagram:2740 - set Specific Code input for plugin: TIM1_8F1
2025-09-29 12:07:03,397 [INFO] CodeGenerator:663 - code generatio: config db path: D:\STM32CubeIDE_1.7.0\STM32CubeIDE\plugins\com.st.stm32cube.common.mx_6.3.0.202107141111\\db\
2025-09-29 12:07:03,562 [INFO] CodeEngine:239 - oldGeneratedFile, D:\GIT_LAB2\LAB2_Exercise\MXTmpFiles\license.tmp_save
2025-09-29 12:07:03,597 [INFO] CodeEngine:257 - Generated code: D:\GIT_LAB2\LAB2_Exercise\MXTmpFiles\license.tmp
2025-09-29 12:07:03,611 [INFO] CodeEngine:239 - oldGeneratedFile, D:\GIT_LAB2\LAB2_Exercise\MXTmpFiles\gpio.tmp_save
2025-09-29 12:07:03,666 [INFO] CodeEngine:257 - Generated code: D:\GIT_LAB2\LAB2_Exercise\MXTmpFiles\gpio.tmp
2025-09-29 12:07:03,702 [INFO] CodeEngine:239 - oldGeneratedFile, D:\GIT_LAB2\LAB2_Exercise\Core\Src\stm32f1xx_it.c_save
2025-09-29 12:07:03,750 [INFO] CodeEngine:257 - Generated code: D:\GIT_LAB2\LAB2_Exercise\Core\Src\stm32f1xx_it.c
2025-09-29 12:07:03,752 [INFO] CodeEngine:239 - oldGeneratedFile, D:\GIT_LAB2\LAB2_Exercise\Core\Inc\stm32f1xx_it.h_save
2025-09-29 12:07:03,784 [INFO] CodeEngine:257 - Generated code: D:\GIT_LAB2\LAB2_Exercise\Core\Inc\stm32f1xx_it.h
2025-09-29 12:07:03,795 [INFO] CodeEngine:239 - oldGeneratedFile, D:\GIT_LAB2\LAB2_Exercise\Core\Src\stm32f1xx_hal_msp.c_save
2025-09-29 12:07:03,850 [INFO] CodeEngine:257 - Generated code: D:\GIT_LAB2\LAB2_Exercise\Core\Src\stm32f1xx_hal_msp.c
2025-09-29 12:07:03,852 [INFO] CodeEngine:239 - oldGeneratedFile, D:\GIT_LAB2\LAB2_Exercise\MXTmpFiles\system.tmp_save
2025-09-29 12:07:03,882 [INFO] CodeEngine:257 - Generated code: D:\GIT_LAB2\LAB2_Exercise\MXTmpFiles\system.tmp
2025-09-29 12:07:03,892 [INFO] CodeEngine:239 - oldGeneratedFile, D:\GIT_LAB2\LAB2_Exercise\Core\Inc\stm32f1xx_hal_conf.h_save
2025-09-29 12:07:03,950 [INFO] CodeEngine:257 - Generated code: D:\GIT_LAB2\LAB2_Exercise\Core\Inc\stm32f1xx_hal_conf.h
2025-09-29 12:07:03,961 [WARN] IPConfigManager:3148 - IP not found : TIM
2025-09-29 12:07:03,961 [WARN] CodeGenerator:3268 - IP not found : null
2025-09-29 12:07:03,973 [INFO] CodeEngine:239 - oldGeneratedFile, D:\GIT_LAB2\LAB2_Exercise\Core\Inc\main.h_save
2025-09-29 12:07:04,008 [INFO] CodeEngine:257 - Generated code: D:\GIT_LAB2\LAB2_Exercise\Core\Inc\main.h
2025-09-29 12:07:04,019 [INFO] CodeEngine:239 - oldGeneratedFile, D:\GIT_LAB2\LAB2_Exercise\Core\Src\main.c_save
2025-09-29 12:07:04,080 [INFO] CodeEngine:257 - Generated code: D:\GIT_LAB2\LAB2_Exercise\Core\Src\main.c
2025-09-29 12:07:04,720 [INFO] ProjectBuilder:2578 - Time for Copy HAL[1] : 32mS.
2025-09-29 12:07:04,721 [INFO] ProjectBuilder:3622 - Project Generator version: 3.14.1
2025-09-29 12:07:04,964 [INFO] ConfigFileManager:1271 - The Die is : DIE412
2025-09-29 12:07:05,950 [INFO] ProjectBuilder:3789 - Time for Generating toolchain IDE Files: 1229mS.
2025-09-29 12:07:05,950 [INFO] ProjectBuilder:2457 - Time for Copy CMSIS : 0mS.
2025-09-29 12:07:05,951 [INFO] ProjectBuilder:2457 - Time for Copy CMSIS : 0mS.
